Clutch,Larva,Length1,Length2,Length3,Average length,Measurement range,Dead before preservation?,Initials,Notes
1,1,3.97,3.95,3.942,3.95,0.028,,ES,not great photo
1,2,3.054,3.051,3.097,3.07,0.046,1,CK,
1,3,3.099,3.063,3.108,3.09,0.045,1,CK,
1,4,4.078,4.054,4.065,4.07,0.024,,CK,
1,5,4.151,4.128,4.158,4.15,0.03,,CK,
1,6,4.062,4.04,4.066,4.06,0.026,,CK,
1,7,4.142,4.03,4.039,4.07,0.112,,CK,
1,8,3.96,3.963,3.981,3.97,0.021,,CK,
1,9,4.243,4.24,4.026,4.17,0.217,,CK,
1,10,3.886,3.765,3.877,3.84,0.121,,CK,
1,11,4.366,4.393,4.39,4.38,0.027,,CK,
1,12,4.273,4.26,4.294,4.28,0.034,,CK,
1,13,4.034,4.103,3.913,4.02,0.19,,CK,
1,14,4.125,4.166,4.181,4.16,0.056,,CK,
1,15,4.165,4.401,4.413,4.33,0.248,,CK,
1,16,4.044,4.162,4.101,4.10,0.118,,CK,
1,17,4.345,4.52,4.799,4.55,0.454,,CK,
1,18,4.257,4.318,4.289,4.29,0.061,,CK,
1,19,4.326,4.33,4.473,4.38,0.147,,CK,
1,20,4.256,4.261,4.22,4.25,0.041,,CK,
1,21,4.377,4.27,4.387,4.34,0.117,,CK,
1,22,4.547,4.544,4.544,4.55,0.003,,CK,
1,23,4.298,4.293,4.337,4.31,0.044,,CK,
1,24,4.285,4.232,4.273,4.26,0.053,,CK,
1,25,4.455,4.491,4.472,4.47,0.036,,CK,
1,26,4.385,4.36,4.393,4.38,0.033,,CK,
1,27,4.279,4.337,4.291,4.30,0.058,,CK,
1,28,4.266,4.257,4.343,4.29,0.086,,CK,
1,29,4.575,4.678,4.585,4.61,0.103,,CK,
1,30,4.573,4.609,4.635,4.61,0.062,,CK,
2,1,4.399,4.386,4.415,4.40,0.029,,CK,
2,2,3.903,3.899,3.896,3.90,0.007,,CK,
2,3,4.146,4.153,4.136,4.15,0.017,,CK,
2,4,4.258,4.24,4.264,4.25,0.024,,CK,
2,5,4.393,4.426,4.347,4.39,0.079,,CK,
2,6,4.027,4,3.984,4.00,0.043,,CK,
2,7,4.512,4.481,4.484,4.49,0.031,,CK,
2,8,4.621,4.57,4.573,4.59,0.051,,CK,
2,9,4.212,4.251,4.227,4.23,0.039,,CK,
2,10,4.342,4.333,4.305,4.33,0.037,,CK,
2,11,4.726,4.756,4.73,4.74,0.03,,CK,
2,12,4.438,4.392,4.4446,4.42,0.0526,,CK,
2,13,4.148,4.188,4.195,4.18,0.047,,CK,
2,14,4.122,4.147,4.055,4.11,0.092,,CK,
2,15,4.322,4.33,4.358,4.34,0.036,,CK,
2,16,3.914,3.898,3.907,3.91,0.016,,CK,
2,17,3.876,3.847,3.85,3.86,0.029,,CK,
2,18,4.46,4.418,4.427,4.44,0.042,,CK,
2,19,4.369,4.316,4.35,4.35,0.053,,CK,
2,20,3.825,3.817,3.862,3.83,0.045,,CK,
2,21,4.181,4.176,4.178,4.18,0.005,,CK,
2,22,4.196,4.185,4.206,4.20,0.021,,CK,
2,23,4.327,4.311,4.308,4.32,0.019,,CK,
2,24,4.182,4.139,4.116,4.15,0.066,,CK,
2,25,4.426,4.431,4.477,4.44,0.051,,CK,
2,26,4.092,4.067,4.051,4.07,0.041,,CK,
2,27,4.366,4.34,4.323,4.34,0.043,,CK,
2,28,4.34,4.324,4.327,4.33,0.016,,CK,
2,29,4.184,4.192,4.216,4.20,0.032,,CK,
2,30,4.14,4.146,4.132,4.14,0.014,,CK,
3,1,4.359,4.396,4.321,4.36,0.075,,CK,
3,2,4.498,4.475,4.454,4.48,0.044,,CK,
3,3,4.272,4.29,4.239,4.27,0.051,,CK,
3,4,3.792,3.809,3.82,3.81,0.028,,CK,
3,5,3.977,3.961,3.919,3.95,0.058,,CK,
3,6,4.042,4.06,4.057,4.05,0.018,,CK,
3,7,4.211,4.293,4.254,4.25,0.082,,CK,
3,8,2.347,2.305,2.292,2.31,0.055,1,CK,"dead, took measurements of tail and body seperately, and the tail is at the end on this list"
3,9,3.936,3.916,3.949,3.93,0.033,,CK,
3,10,2.132,2.115,2.122,2.12,0.017,1,CK,
3,11,4.182,4.088,4.107,4.13,0.094,,CK,
3,12,4.012,4.021,4.03,4.02,0.018,,CK,
3,13,4.219,4.197,4.186,4.20,0.033,,CK,
3,14,4.249,4.226,4.192,4.22,0.057,1,CK,can not see tail 
3,15,3.188,3.142,3.096,3.14,0.092,1,CK,
3,16,3.183,3.196,3.137,3.17,0.059,1,CK,
3,17,4.07,3.984,3.975,4.01,0.095,,CK,can not see tail
3,18,4.12,4.131,4.158,4.14,0.038,,CK,
3,19,4.083,4.093,4.067,4.08,0.026,,CK,can not see tail
3,20,3.324,3.344,3.336,3.33,0.02,1,CK,can not see tail
3,21,3.754,3.804,3.737,3.77,0.067,,CK,can not see tail
3,22,3.618,3.602,3.616,3.61,0.016,,CK,
3,23,4.164,4.139,4.16,4.15,0.025,,CK,
3,24,3.995,4.025,3.995,4.01,0.03,,CK,
3,25,4.102,4.079,4.092,4.09,0.023,,CK,
3,26,4.096,4.102,4.085,4.09,0.017,,CK,
3,27,4.498,4.489,4.563,4.52,0.074,,CK,
3,28,4.005,3.991,3.926,3.97,0.079,,CK,
3,29,4.039,4.085,4.011,4.05,0.074,,CK,
3,30,3.892,3.845,3.863,3.87,0.047,,CK,
4,1,4.097,4.083,4.113,4.10,0.03,,ES,
4,2,3.715,3.918,3.822,3.82,0.203,,ES,can't see tail
4,3,3.972,3.965,4.046,3.99,0.081,,ES,can't see tail
4,4,3.297,3.311,3.321,3.31,0.024,1,ES,
4,5,4.11,4.11,4.076,4.10,0.034,,ES,
4,6,4.213,4.278,4.192,4.23,0.086,,ES,
4,7,4.355,4.333,4.299,4.33,0.056,,ES,
4,8,4.167,4.177,4.159,4.17,0.018,,ES,
4,9,2.939,3.001,3.056,3.00,0.117,1,ES,
4,10,3.215,3.284,3.377,3.29,0.162,1,ES,
4,11,3.976,4.088,4.079,4.05,0.112,,ES,
4,12,3.762,3.781,3.8,3.78,0.038,,ES,
4,13,3.888,3.89,3.897,3.89,0.009,,ES,
4,14,3.94,3.983,3.949,3.96,0.043,,ES,
4,15,4.167,4.163,4.137,4.16,0.03,,ES,
4,16,4.03,4.063,4.056,4.05,0.033,,ES,
4,17,3.968,3.954,4.14,4.02,0.186,,ES,
4,18,4.262,4.267,4.267,4.27,0.005,,ES,
4,19,4.071,4.113,4.131,4.11,0.06,,ES,hard to see tail
4,20,4.113,4.147,4.117,4.13,0.034,,ES,
4,21,4.064,4.08,4.043,4.06,0.037,,ES,
4,22,4.256,4.25,4.259,4.26,0.009,,ES,
4,23,4.248,4.224,4.267,4.25,0.043,,ES,
4,24,3.939,4.036,3.98,3.99,0.097,,ES,
4,25,4.124,4.128,4.141,4.13,0.017,,ES,
4,26,4.229,4.332,4.308,4.29,0.103,,ES,
4,27,4.307,4.267,4.302,4.29,0.04,,ES,
4,28,4.145,4.187,4.189,4.17,0.044,,ES,
4,29,3.838,3.92,3.885,3.88,0.082,,ES,
4,30,3.713,3.954,3.925,3.86,0.241,,ES,
5,1,3.358,3.329,3.319,3.34,0.039,1,ES,
5,2,3.372,3.345,3.358,3.36,0.027,1,ES,
5,3,4.271,4.263,4.246,4.26,0.025,,ES,
5,4,4.176,4.18,4.16,4.17,0.02,,ES,
5,5,4.258,4.277,4.32,4.29,0.062,,ES,
5,6,4.34,4.342,4.346,4.34,0.006,,ES,
5,7,4.164,4.096,4.135,4.13,0.068,,ES,
5,8,3.124,2.148,3.153,2.81,1.005,1,ES,
5,9,4.36,4.306,4.347,4.34,0.054,,ES,
5,10,3.251,3.254,3.232,3.25,0.022,1,ES,
5,11,4.377,4.347,4.338,4.35,0.039,,ES,
5,12,4.3,4.306,4.307,4.30,0.007,,ES,
5,13,4.402,4.391,4.391,4.39,0.011,,ES,
5,14,4.43,4.428,4.43,4.43,0.002,,ES,
5,15,4.356,4.349,4.256,4.32,0.1,,ES,
5,16,4.346,4.394,4.369,4.37,0.048,,ES,
5,17,4.419,4.402,4.462,4.43,0.06,,ES,
5,18,4.368,4.353,4.378,4.37,0.025,,ES,"underdeveloped eye, strange-shaped head"
5,19,4.249,4.262,4.264,4.26,0.015,,ES,
5,20,4.459,4.448,4.441,4.45,0.018,,ES,
5,21,4.41,4.393,4.415,4.41,0.022,,ES,
5,22,4.258,4.225,4.259,4.25,0.034,,ES,
5,23,4.287,4.299,4.378,4.32,0.091,,ES,
5,24,4.264,4.306,4.317,4.30,0.053,,ES,
5,25,4.329,4.323,4.335,4.33,0.012,,ES,
5,26,4.401,4.389,4.381,4.39,0.02,,ES,
5,27,4.138,4.137,4.154,4.14,0.017,,ES,
5,28,4.425,4.42,4.413,4.42,0.012,,ES,
5,29,4.262,4.22,4.235,4.24,0.042,,ES,
5,30,4.288,4.265,4.288,4.28,0.023,,ES,
6,1,4.195,4.269,4.256,4.24,0.074,,CK,
6,2,3.994,3.962,4.03,4.00,0.068,,CK,
6,3,4.219,4.239,4.261,4.24,0.042,,CK,
6,4,4.066,4.073,4.054,4.06,0.019,,CK,
6,5,4.046,4.022,4.076,4.05,0.054,,CK,
6,6,4.091,4.063,4.112,4.09,0.049,,CK,
6,7,3.944,3.961,3.912,3.94,0.049,,CK,
6,8,4.35,4.31,4.358,4.34,0.048,,CK,
6,9,4.153,4.205,4.189,4.18,0.052,,CK,
6,10,3.998,4.019,4.093,4.04,0.095,,CK,
6,11,4.053,4.084,4.067,4.07,0.031,,CK,
6,12,4.106,4.102,4.133,4.11,0.031,,CK,
6,13,4.029,4.01,4.066,4.04,0.056,,CK,
6,14,4.292,4.338,4.355,4.33,0.063,,CK,
6,15,4.081,4.122,4.059,4.09,0.063,,CK,
6,16,3.953,3.883,3.961,3.93,0.078,,CK,
7,1,3.048,3.057,3.057,3.05,0.009,1,CK,
7,2,4.384,4.352,4.341,4.36,0.043,,CK,
7,3,4.195,4.251,4.247,4.23,0.056,,CK,
7,4,4.138,4.117,4.134,4.13,0.021,,CK,
7,5,4.19,4.21,4.183,4.19,0.027,,CK,
7,6,4.06,4.09,4.051,4.07,0.039,,CK,
7,7,3.212,3.262,3.286,3.25,0.074,1,CK,
7,8,4.455,4.44,4.428,4.44,0.027,,CK,
7,9,,,,#DIV/0!,0,1,CK,
7,10,4.285,4.341,4.294,4.31,0.056,,ES,
7,11,4.365,4.396,4.351,4.37,0.045,,ES,
7,12,4.416,4.403,4.403,4.41,0.013,,ES,
7,13,4.282,4.302,4.3,4.29,0.02,,ES,
7,14,,,,#DIV/0!,0,1,ES,
8,1,4.419,4.430,4.440,4.43,0.021,,ES,
8,2,4.351,4.361,4.351,4.35,0.010,,ES,
8,3,4.336,4.358,4.335,4.34,0.023,,ES,
8,4,4.474,4.474,4.419,4.46,0.055,,ES,
8,5,4.168,4.167,4.167,4.17,0.001,,ES,
8,6,4.305,4.322,4.305,4.31,0.017,,ES,
8,7,4.345,4.344,4.333,4.34,0.012,,ES,
8,8,4.370,4.352,4.357,4.36,0.018,,ES,
8,9,4.362,4.340,4.339,4.35,0.023,,ES,
8,10,4.410,4.439,4.419,4.42,0.029,,ES,
8,11,4.427,4.457,4.411,4.43,0.046,,ES,
8,12,4.582,4.544,4.553,4.56,0.038,,ES,
8,13,4.413,4.419,4.437,4.42,0.024,,ES,hard to see tail in photo
8,14,4.534,4.501,4.492,4.51,0.042,,ES,
8,15,4.491,4.534,4.544,4.52,0.053,,ES,
8,16,4.580,4.591,4.580,4.58,0.011,,ES,
8,17,4.210,4.165,4.199,4.19,0.045,,ES,
8,18,4.254,4.250,4.248,4.25,0.006,,ES,
8,19,3.173,3.282,3.325,3.26,0.152,1,ES,
8,20,3.413,3.496,3.468,3.46,0.083,1,ES,
8,21,4.423,4.418,4.421,4.42,0.005,,ES,
8,22,4.490,4.498,4.509,4.50,0.019,,ES,
8,23,4.204,4.061,4.056,4.11,0.148,,ES,hard to see tail
8,24,4.495,4.477,4.473,4.48,0.022,,ES,
8,25,4.398,4.399,4.402,4.40,0.004,,ES,
8,26,4.158,4.173,4.176,4.17,0.018,,ES,
8,27,4.622,4.605,4.598,4.61,0.024,,ES,
8,28,4.443,4.455,4.442,4.45,0.013,,ES,
8,29,4.357,4.344,4.337,4.35,0.020,,ES,
8,30,4.453,4.445,4.454,4.45,0.009,,ES,
9,1,4.235,4.305,4.291,4.28,0.070,?,ES,bent in half
9,2,4.135,4.161,4.144,4.15,0.026,,ES,
9,3,4.325,4.292,4.292,4.30,0.033,,ES,
9,4,3.933,3.897,3.921,3.92,0.036,,ES,
9,5,3.975,3.994,3.989,3.99,0.019,,ES,
9,6,4.316,4.326,4.331,4.32,0.015,,ES,
9,7,3.547,3.595,3.572,3.57,0.048,1,ES,
9,8,3.561,3.578,3.557,3.57,0.021,1,ES,
9,9,3.700,3.711,3.744,3.72,0.044,1,ES,
9,10,3.431,3.489,3.557,3.49,0.126,1,ES,
9,11,2.942,2.961,2.975,2.96,0.033,1,ES,
9,12,4.503,4.524,4.536,4.52,0.033,,ES,
9,13,3.882,3.934,3.923,3.91,0.052,1,ES,
9,14,4.549,4.541,4.558,4.55,0.017,,ES,
9,15,4.303,4.296,4.303,4.30,0.007,,ES,
9,16,4.414,4.428,4.420,4.42,0.014,,ES,
9,17,4.218,4.198,4.219,4.21,0.021,,ES,
9,18,4.458,4.443,4.468,4.46,0.025,,ES,
9,19,4.514,4.485,4.429,4.48,0.085,,ES,
9,20,4.364,4.361,4.367,4.36,0.006,,ES,
10,1,4.342,4.316,4.326,4.33,0.026,,ES,
10,2,4.231,4.232,4.247,4.24,0.016,,ES,
10,3,4.215,4.215,4.232,4.22,0.017,,ES,
10,4,4.15,4.177,4.171,4.17,0.027,,ES,
10,5,,,,#DIV/0!,0,1,ES,
10,6,4.131,4.123,4.132,4.13,0.009,,ES,
10,7,4.094,4.12,4.048,4.09,0.072,,ES,
10,8,4.336,4.347,4.326,4.34,0.021,,ES,
10,9,,,,#DIV/0!,0,1,ES,
10,10,3.86,3.852,3.854,3.86,0.008,,ES,
10,11,4.088,4.094,4.089,4.09,0.006,,ES,
10,12,,,,#DIV/0!,0,1,ES,
10,13,4.135,4.14,4.13,4.14,0.01,,ES,
10,14,,,,#DIV/0!,0,1,ES,
10,15,4.249,4.251,4.258,4.25,0.009,,ES,
11,1,,,,#DIV/0!,0,1,ES,
11,2,4.479,4.467,4.444,4.46,0.035,,ES,White background -- difficult to see
11,3,4.257,4.303,4.263,4.27,0.046,,ES,
11,4,4.243,4.298,4.264,4.27,0.055,,ES,
11,5,4.313,4.323,4.305,4.31,0.018,,ES,
11,6,,,,#DIV/0!,0,1,ES,
11,7,4.573,4.556,4.582,4.57,0.026,,ES,
11,8,,,,#DIV/0!,0,1,ES,
11,9,,,,#DIV/0!,0,,ES,can't see scale
11,10,4.301,4.238,4.282,4.27,0.063,,ES,
11,11,4.381,4.363,4.356,4.37,0.025,,ES,
11,12,4.349,4.314,4.346,4.34,0.035,,ES,
11,13,4.41,4.416,4.416,4.41,0.006,,ES,
11,14,4.334,4.352,4.346,4.34,0.018,,ES,
11,15,4.196,4.208,4.199,4.20,0.012,,ES,
11,16,4.333,4.32,4.342,4.33,0.022,,ES,
11,17,4.33,4.342,4.312,4.33,0.03,,ES,
11,18,4.555,4.595,4.56,4.57,0.04,,ES,
11,19,4.301,4.311,4.387,4.33,0.086,,ES,
11,20,4.315,4.346,4.313,4.32,0.033,,ES,
11,21,4.45,4.434,4.45,4.44,0.016,,ES,
11,22,,,,#DIV/0!,0,1,ES,
11,23,4.359,4.346,4.34,4.35,0.019,,ES,
11,24,4.423,4.371,4.38,4.39,0.052,,ES,
11,25,4.331,4.312,4.323,4.32,0.019,,ES,
11,26,4.558,4.56,4.551,4.56,0.009,,ES,
11,27,4.413,4.368,4.339,4.37,0.074,,ES,
11,28,4.48,4.414,4.424,4.44,0.066,,ES,
11,29,4.414,4.391,4.391,4.40,0.023,,ES,
11,30,4.316,4.318,4.301,4.31,0.017,,ES,
12,1,4.254,4.254,4.249,4.25,0.005,,ES,
12,2,,,,#DIV/0!,0,1,ES,
12,3,4.555,4.525,4.548,4.54,0.03,,ES,
12,4,4.295,4.294,4.277,4.29,0.018,,ES,
12,5,4.387,4.368,4.399,4.38,0.031,,ES,
12,6,4.239,4.241,4.255,4.25,0.016,,ES,
12,7,4.257,4.265,4.265,4.26,0.008,,ES,
12,8,4.27,4.296,4.287,4.28,0.026,,ES,
12,9,4.114,4.114,4.104,4.11,0.01,,ES,
12,10,4.401,4.386,4.378,4.39,0.023,,ES,
12,11,,,,#DIV/0!,0,1,ES,
12,12,4.34,4.345,4.36,4.35,0.02,,ES,
12,13,4.496,4.492,4.479,4.49,0.017,,ES,
12,14,4.335,4.337,4.345,4.34,0.01,,ES,
12,15,4.168,4.153,4.146,4.16,0.022,,ES,
12,16,4.106,4.117,4.15,4.12,0.044,,ES,
12,17,4.233,4.239,4.223,4.23,0.016,,ES,
12,18,4.2,4.287,4.253,4.25,0.087,,ES,
12,19,4.262,4.222,4.311,4.27,0.089,,ES,
12,20,4.14,4.115,4.134,4.13,0.025,,ES,
12,21,4.368,4.334,4.339,4.35,0.034,,ES,
12,22,3.973,4.057,4.011,4.01,0.084,,ES,
12,23,4.321,4.29,4.301,4.30,0.031,,ES,
12,24,4.162,4.237,4.162,4.19,0.075,,ES,
12,25,4.154,4.14,4.158,4.15,0.018,,ES,
12,26,4.289,4.281,4.267,4.28,0.022,,ES,
12,27,4.179,4.205,4.196,4.19,0.026,,ES,
12,28,4.264,4.266,4.257,4.26,0.009,,ES,
12,29,4.246,4.27,4.252,4.26,0.024,,ES,
12,30,4.345,4.346,4.365,4.35,0.02,,ES,
13,1,4.205,4.201,4.209,4.21,0.008,,ES,
13,2,4.279,4.243,4.267,4.26,0.036,,GT,
13,3,4.264,4.296,4.269,4.28,0.032,,GT,
13,4,4.243,4.24,4.247,4.24,0.007,,GT,
13,5,4.255,4.26,4.26,4.26,0.005,,GT,
13,6,4.112,4.096,4.091,4.10,0.021,,GT,
13,7,4.202,4.203,4.227,4.21,0.025,,GT,
13,8,4.098,4.121,4.122,4.11,0.024,,GT,
13,9,4.206,4.227,4.213,4.22,0.021,,GT,
13,10,4.056,4.081,4.068,4.07,0.025,,GT,
13,11,4.104,4.1,4.1,4.10,0.004,,GT,
13,12,4.407,4.432,4.425,4.42,0.025,,GT,
13,13,4.076,4.064,4.065,4.07,0.012,,GT,
13,14,4.336,4.319,4.313,4.32,0.023,,GT,
13,15,4.173,4.178,4.159,4.17,0.019,,GT,
13,16,4.201,4.17,4.182,4.18,0.031,,GT,
13,17,4.296,4.321,4.297,4.30,0.025,,GT,
13,18,4.24,4.229,4.221,4.23,0.019,,GT,
13,19,,,,#DIV/0!,0,1,GT,
13,20,4.166,4.181,4.213,4.19,0.047,,GT,
13,21,4.217,4.294,4.294,4.27,0.077,,GT,
13,22,4.187,4.194,4.16,4.18,0.034,,GT,Not a straight line between notochord end and nose.
13,23,4.115,4.09,4.102,4.10,0.025,,GT,
13,24,4.001,3.971,3.985,3.99,0.03,,GT,
13,25,4.109,4.09,4.116,4.11,0.026,,GT,Hard to tell it alive or not
13,26,4.33,4.303,4.311,4.31,0.027,,GT,
13,27,,,,#DIV/0!,0,1,GT,
13,28,4.092,4.093,4.076,4.09,0.017,,GT,
13,29,4.039,4.064,4.052,4.05,0.025,,GT,
13,30,4.176,4.187,4.184,4.18,0.011,,GT,
14,1,4.044,4.051,4.009,4.03,0.042,,GT,
14,2,4.402,4.415,4.408,4.41,0.013,,GT,
14,3,,,,#DIV/0!,0,,GT,"Very difficult to set scale, blurry background"
14,4,4.241,4.24,4.246,4.24,0.006,,GT,
14,5,4.267,4.265,4.252,4.26,0.015,,GT,
14,6,4.119,4.094,4.116,4.11,0.025,,GT,
14,7,,,,#DIV/0!,0,1,GT,
14,8,4.138,4.139,4.126,4.13,0.013,,GT,
14,9,4.211,4.211,4.211,4.21,0,,GT,
14,10,4.328,4.338,4.333,4.33,0.01,,GT,
14,11,4.349,4.353,4.357,4.35,0.008,,GT,
14,12,4.308,4.295,4.302,4.30,0.013,,GT,
14,13,4.39,4.372,4.379,4.38,0.018,,GT,
14,14,4.383,4.39,4.376,4.38,0.014,,GT,
14,15,4.228,4.227,4.246,4.23,0.019,,GT,
14,16,4.346,4.338,4.334,4.34,0.012,,GT,
14,17,4.199,4.224,4.192,4.21,0.032,,GT,
14,18,4.004,3.986,3.984,3.99,0.02,1,GT,
14,19,4.273,4.271,4.28,4.27,0.009,,GT,
14,20,4.204,4.199,4.209,4.20,0.01,,GT,
14,21,4.399,4.38,4.38,4.39,0.019,,GT,
14,22,4.293,4.233,4.267,4.26,0.06,,GT,
14,23,4.414,4.394,4.417,4.41,0.023,,GT,
14,24,4.282,4.271,4.258,4.27,0.024,,GT,
14,25,4.163,4.144,4.145,4.15,0.019,,GT,
14,26,4.011,4.018,4.018,4.02,0.007,,GT,
14,27,4.219,4.239,4.232,4.23,0.02,,GT,
14,28,4.291,4.29,4.277,4.29,0.014,,GT,
14,29,4.108,4.102,4.089,4.10,0.019,1,GT,
14,30,,,,#DIV/0!,0,1,GT,
15,1,4.094,4.108,4.115,4.11,0.021,,GT,
15,2,4.352,4.352,4.358,4.35,0.006,,GT,
15,3,4.429,4.429,4.422,4.43,0.007,,GT,
15,4,4.368,4.345,4.365,4.36,0.023,,GT,
15,5,4.319,4.302,4.264,4.30,0.055,,GT,
15,6,4.457,4.459,4.452,4.46,0.007,,GT,
15,7,4.27,4.27,4.27,4.27,0,,GT,
15,8,4.351,4.334,4.342,4.34,0.017,,GT,
15,9,,,,#DIV/0!,0,1,GT,
15,10,4.315,4.306,4.313,4.31,0.009,,GT,
15,11,4.288,4.253,4.27,4.27,0.035,Maybe,GT,
15,12,4.342,4.268,4.322,4.31,0.074,,GT,Very hard to see end of notochord
15,13,3.991,4.058,4.091,4.05,0.1,,GT,Very hard to see end of notochord
15,14,4.361,4.366,4.367,4.36,0.006,,GT,
15,15,4.388,4.404,4.387,4.39,0.017,,GT,
15,16,4.417,4.389,4.413,4.41,0.028,,GT,
15,17,4.364,4.356,4.36,4.36,0.008,,GT,
15,18,4.361,4.369,4.371,4.37,0.01,,GT,
15,19,4.227,4.217,4.212,4.22,0.015,,GT,
15,20,4.286,4.263,4.279,4.28,0.023,,GT,
15,21,4.278,4.268,4.278,4.27,0.01,,GT,
15,22,4.47,4.462,4.454,4.46,0.016,,GT,
15,23,4.41,4.405,4.404,4.41,0.006,Maybe,GT,
15,24,4.536,4.52,4.52,4.53,0.016,,GT,
15,25,4.305,4.306,4.29,4.30,0.016,,GT,
15,26,,,,#DIV/0!,0,1,GT,
15,27,4.395,4.383,4.378,4.39,0.017,Maybe,GT,
15,28,4.443,4.44,4.441,4.44,0.003,,GT,
15,29,4.369,4.354,4.355,4.36,0.015,Maybe,GT,
15,30,4.311,4.297,4.327,4.31,0.03,Maybe,GT,
16,1,4.116,4.074,4.107,4.10,0.042,,GT,
16,2,4.209,4.209,4.226,4.21,0.017,,GT,
16,3,4.418,4.374,4.409,4.40,0.044,,GT,
16,4,4.275,4.284,4.283,4.28,0.009,,GT,
16,5,4.26,4.261,4.26,4.26,0.001,,GT,
16,6,4.357,4.331,4.341,4.34,0.026,,GT,
16,7,4.324,4.323,4.315,4.32,0.009,,GT,
16,8,4.45,4.426,4.439,4.44,0.024,,GT,
16,9,4.411,4.396,4.396,4.40,0.015,,GT,
16,10,4.272,4.252,4.235,4.25,0.037,,GT,
16,11,4.389,4.399,4.407,4.40,0.018,,GT,
16,12,4.121,4.112,4.12,4.12,0.009,,GT,
16,13,4.376,4.393,4.393,4.39,0.017,,GT,
16,14,4.432,4.45,4.45,4.44,0.018,,GT,
16,15,4.393,4.37,4.376,4.38,0.023,,GT,
16,16,4.369,4.379,4.385,4.38,0.016,,GT,
16,17,4.339,4.322,4.305,4.32,0.034,,GT,
16,18,3.765,3.783,3.765,3.77,0.018,1,GT,
16,19,4.204,4.194,4.183,4.19,0.021,,GT,
16,20,4.206,4.178,4.216,4.20,0.038,,GT,
16,21,4.15,4.142,4.144,4.15,0.008,,GT,
16,22,4.434,4.434,4.426,4.43,0.008,,GT,
16,23,4.334,4.317,4.311,4.32,0.023,,GT,
16,24,4.513,4.474,4.476,4.49,0.039,,GT,
16,25,4.465,4.43,4.438,4.44,0.035,,GT,
16,26,4.441,4.423,4.423,4.43,0.018,,GT,
16,27,4.257,4.25,4.257,4.25,0.007,,GT,
16,28,4.256,4.236,4.239,4.24,0.02,,GT,
16,29,4.21,4.2,4.2,4.20,0.01,,GT,
17,1,4.15,4.151,4.165,4.16,0.015,,GT,
17,2,4.5,4.506,4.506,4.50,0.006,,GT,
17,3,4.192,4.191,4.198,4.19,0.007,,GT,
17,4,4.092,4.08,4.092,4.09,0.012,,GT,
17,5,,,,#DIV/0!,0,1,GT,
17,6,4.246,4.241,4.246,4.24,0.005,,GT,
17,7,4.01,4.004,3.996,4.00,0.014,,GT,
17,8,4.409,4.424,4.401,4.41,0.023,,GT,
17,9,4.108,4.089,4.089,4.10,0.019,,GT,
17,10,4.298,4.305,4.298,4.30,0.007,,GT,
17,11,4.38,4.36,4.361,4.37,0.02,,GT,
17,12,4.224,4.216,4.223,4.22,0.008,,GT,
17,13,4.037,4.056,4.036,4.04,0.02,,GT,
17,14,4.209,4.201,4.208,4.21,0.008,,GT,
17,15,,,,#DIV/0!,0,1,GT,
17,16,4.109,4.097,4.102,4.10,0.012,,GT,
17,17,4.172,4.163,4.184,4.17,0.021,,GT,
17,18,4.188,4.188,4.199,4.19,0.011,,GT,
17,19,4.3,4.294,4.315,4.30,0.021,,GT,
17,20,4.256,4.255,4.242,4.25,0.014,,GT,
17,21,4.183,4.19,4.182,4.19,0.008,,GT,
17,22,4.156,4.162,4.161,4.16,0.006,,GT,
17,23,4.24,4.24,4.24,4.24,0,,GT,
17,24,4.18,4.17,4.158,4.17,0.022,,GT,
17,25,4.07,4.085,4.094,4.08,0.024,,GT,
17,26,4.166,4.153,4.153,4.16,0.013,,GT,
17,27,4.079,4.085,4.066,4.08,0.019,,GT,
17,28,4.278,4.264,4.272,4.27,0.014,,GT,
17,29,4.159,4.162,4.162,4.16,0.003,,GT,
17,30,4.309,4.293,4.308,4.30,0.016,,GT,
18,1,4.17,4.183,4.17,4.17,0.013,,GT,
18,2,4.334,4.341,4.341,4.34,0.007,,GT,
18,3,3.995,4.009,3.997,4.00,0.014,,GT,
18,4,4.248,4.254,4.248,4.25,0.006,,GT,
18,5,4.351,4.32,4.329,4.33,0.031,,GT,
18,6,4.062,4.068,4.048,4.06,0.02,,GT,
18,7,4.131,4.15,4.154,4.15,0.023,,GT,
18,8,4.121,4.121,4.114,4.12,0.007,,GT,
18,9,4.235,4.193,4.2,4.21,0.042,,GT,
18,10,,,,#DIV/0!,0,1,GT,
18,11,4.029,4.037,4.026,4.03,0.011,,ES,
18,12,4.114,4.141,4.143,4.13,0.029,,GT,
18,13,4.071,4.025,4.065,4.05,0.046,,GT,Very hard to find end of notochord
18,14,4.188,4.188,4.19,4.19,0.002,,GT,
18,15,4.09,4.096,4.098,4.09,0.008,,GT,
18,16,4.122,4.127,4.141,4.13,0.019,,GT,
18,17,4.261,4.28,4.258,4.27,0.022,,GT,
18,18,4.016,4.009,4.016,4.01,0.007,,GT,
18,19,4.114,4.129,4.121,4.12,0.015,,GT,
18,20,4.255,4.269,4.248,4.26,0.021,,GT,
18,21,4.11,4.103,4.115,4.11,0.012,,GT,
18,22,4.286,4.279,4.273,4.28,0.013,,GT,
18,23,4.028,3.945,3.984,3.99,0.083,,GT,Very hard to find end of notochord
18,24,4.169,4.174,4.153,4.17,0.021,,GT,
18,25,4.28,4.285,4.32,4.30,0.04,,GT,
18,26,4.125,4.085,4.13,4.11,0.045,,GT,
18,27,4.203,4.237,4.305,4.25,0.102,,GT,
18,28,4.016,3.96,3.974,3.98,0.056,,GT,
18,30,4.26,4.268,4.26,4.26,0.008,,GT,
19,1,4.391,4.406,4.401,4.40,0.015,,GT,
19,2,4.296,4.288,4.276,4.29,0.02,,GT,
19,3,4.135,4.146,4.154,4.15,0.019,,GT,
19,4,4.323,4.316,4.316,4.32,0.007,,GT,
19,5,4.324,4.314,4.312,4.32,0.012,,GT,
19,6,4.228,4.221,4.221,4.22,0.007,,GT,
19,7,4.211,4.211,4.196,4.21,0.015,,GT,
19,8,4.513,4.501,4.506,4.51,0.012,,GT,
19,9,4.054,4.052,4.056,4.05,0.004,,GT,
19,10,4.172,4.204,4.179,4.19,0.032,,GT,
19,11,4.501,4.484,4.484,4.49,0.017,,GT,
19,12,4.317,4.337,4.338,4.33,0.021,,GT,
19,13,4.298,4.3,4.298,4.30,0.002,,GT,
19,14,4.396,4.417,4.403,4.41,0.021,,GT,
19,15,4.244,4.251,4.269,4.25,0.025,,GT,
19,16,4.231,4.231,4.217,4.23,0.014,,GT,
19,17,4.348,4.336,4.355,4.35,0.019,,GT,
19,18,4.327,4.332,4.332,4.33,0.005,,GT,
19,19,4.253,4.253,4.278,4.26,0.025,,GT,
19,20,4.171,4.172,4.181,4.17,0.01,,GT,
19,21,4.266,4.284,4.284,4.28,0.018,,GT,
19,22,4.262,4.227,4.298,4.26,0.071,,GT,
19,23,4.388,4.369,4.377,4.38,0.019,,GT,
19,24,4.349,4.325,4.337,4.34,0.024,,GT,
19,25,4.394,4.406,4.396,4.40,0.012,,GT,
19,26,4.267,4.243,4.255,4.26,0.024,,GT,
19,27,4.294,4.294,4.295,4.29,0.001,,GT,
19,28,4.315,4.301,4.297,4.30,0.018,,GT,
19,29,4.057,4.073,4.06,4.06,0.016,,GT,
19,30,4.167,4.151,4.161,4.16,0.016,,GT,
20,1,4.254,4.264,4.242,4.25,0.022,,GT,
20,2,4.113,4.098,4.103,4.10,0.015,,GT,
20,3,,,,#DIV/0!,0,1,GT,
20,4,4.175,4.193,4.175,4.18,0.018,,GT,
20,5,4.331,4.338,4.337,4.34,0.007,,GT,
20,6,4.222,4.221,4.206,4.22,0.016,,GT,
20,7,4.202,4.22,4.209,4.21,0.018,,GT,
20,8,4.067,4.068,4.061,4.07,0.007,,GT,
20,9,,,,#DIV/0!,0,1,GT,
20,10,4.218,4.251,4.133,4.20,0.118,,GT,
20,11,4.232,4.226,4.209,4.22,0.023,,GT,
20,12,4.102,4.131,4.145,4.13,0.043,,GT,
20,13,3.978,3.999,4.027,4.00,0.049,,GT,
20,14,4.234,4.245,4.234,4.24,0.011,,GT,
20,15,4.154,4.169,4.184,4.17,0.03,,GT,
20,16,3.991,3.995,3.995,3.99,0.004,,GT,
20,17,4.14,4.147,4.132,4.14,0.015,,GT,
20,18,4.21,4.211,4.21,4.21,0.001,,GT,
20,19,4.035,4.048,4.048,4.04,0.013,,GT,
20,20,4.323,4.298,4.313,4.31,0.025,,GT,
20,21,4.059,4.015,4.027,4.03,0.044,,GT,
20,22,4.057,4.04,4.032,4.04,0.025,,GT,
20,23,4.256,4.236,4.236,4.24,0.02,,GT,
20,24,4.207,4.244,4.234,4.23,0.037,,GT,
20,25,4.056,4.064,4.052,4.06,0.012,,GT,
20,26,4.155,4.148,4.164,4.16,0.016,,GT,
20,27,4.125,4.106,4.115,4.12,0.019,,GT,
20,28,4.308,4.296,4.304,4.30,0.012,,GT,
20,29,4.252,4.243,4.243,4.25,0.009,,GT,
20,30,4.538,4.554,4.54,4.54,0.016,,GT,
21,1,3.953,3.951,3.912,3.94,0.041,,ES,
21,2,3.955,3.963,3.949,3.96,0.014,,GT,
21,3,,,,#DIV/0!,0,1,GT,
21,4,4.054,4.039,4.063,4.05,0.024,,ES,
21,5,3.957,3.995,3.98,3.98,0.038,,GT,
21,6,3.947,3.958,3.926,3.94,0.032,,GT,
21,7,4.021,4.038,4.038,4.03,0.017,,GT,
21,8,3.913,3.884,3.852,3.88,0.061,1,GT,
21,9,4.196,4.18,4.193,4.19,0.016,,GT,
21,10,4.002,4.014,4.013,4.01,0.012,,ES,
21,11,4.158,4.137,4.149,4.15,0.021,,GT,
21,12,4.032,4.035,4.04,4.04,0.008,,GT,
21,13,3.904,3.904,3.92,3.91,0.016,,GT,
21,14,4.148,4.151,4.14,4.15,0.011,,GT,
21,15,4.179,4.15,4.165,4.16,0.029,,GT,
21,16,4.17,4.193,4.165,4.18,0.028,,GT,
21,17,4.119,4.125,4.116,4.12,0.009,,GT,
21,18,4.264,4.242,4.25,4.25,0.022,,GT,
21,19,4.089,4.116,4.11,4.11,0.027,,GT,
21,20,3.941,3.965,3.966,3.96,0.025,,GT,
21,21,4.093,4.109,4.109,4.10,0.016,,GT,
21,22,4.107,4.098,4.111,4.11,0.013,,GT,
21,23,4.125,4.138,4.122,4.13,0.016,,GT,
21,24,4.092,4.063,4.092,4.08,0.029,,GT,
21,25,4.129,4.105,4.121,4.12,0.024,,GT,
21,26,4.007,4.076,4.051,4.04,0.069,,GT,
21,27,4.11,4.125,4.118,4.12,0.015,,GT,
21,28,4.133,4.156,4.158,4.15,0.025,,GT,
21,29,4.03,4.059,4.059,4.05,0.029,,GT,
21,30,4.112,4.108,4.126,4.12,0.018,,GT,
22,1,4.308,4.308,4.299,4.31,0.009,,GT,
22,2,4.359,4.389,4.358,4.37,0.031,,GT,
22,3,4.361,4.35,4.355,4.36,0.011,,GT,
22,4,4.525,4.531,4.519,4.53,0.012,,GT,
22,5,4.399,4.4,4.392,4.40,0.008,,GT,
22,6,4.133,4.148,4.156,4.15,0.023,,GT,
22,7,4.145,4.146,4.11,4.13,0.036,,GT,
22,8,4.297,4.29,4.268,4.29,0.029,,GT,
22,9,4.093,4.078,4.091,4.09,0.015,,GT,
22,10,4.186,4.149,4.156,4.16,0.037,,GT,
22,11,4.087,4.049,4.048,4.06,0.039,,ES,
22,12,4.3,4.3,4.3,4.30,0,,GT,
22,13,4.373,4.409,4.404,4.40,0.036,,GT,
22,14,4.216,4.204,4.216,4.21,0.012,,GT,
22,15,4.295,4.277,4.287,4.29,0.018,,GT,
22,16,4.105,4.07,4.081,4.09,0.035,,GT,
23,1,4.231,4.236,4.231,4.23,0.005,,GT,
23,2,4.292,4.31,4.287,4.30,0.023,,GT,
23,3,4.471,4.436,4.454,4.45,0.035,,GT,
23,4,4.36,4.375,4.375,4.37,0.015,,GT,
23,5,3.97,3.992,3.986,3.98,0.022,,GT,
23,6,3.438,3.449,3.448,3.45,0.011,1,GT,
23,7,3.829,3.833,3.851,3.84,0.022,,ES,
23,8,4.329,4.334,4.363,4.34,0.034,,GT,
23,9,4.387,4.417,4.418,4.41,0.031,,GT,
23,10,4.112,4.12,4.127,4.12,0.015,,GT,
23,11,4.263,4.272,4.247,4.26,0.025,,GT,
23,12,,,,#DIV/0!,0,1,GT,
23,13,4.08,4.103,4.093,4.09,0.023,,GT,
23,14,4.29,4.263,4.27,4.27,0.027,,GT,
23,15,4.01,4.004,4.004,4.01,0.006,,GT,
23,16,4.238,4.228,4.229,4.23,0.01,,GT,
23,17,4.256,4.272,4.271,4.27,0.016,,GT,
23,18,4.363,4.372,4.375,4.37,0.012,,GT,
23,19,4.257,4.216,4.234,4.24,0.041,,GT,
23,20,4.084,4.1,4.092,4.09,0.016,,GT,
23,21,4.101,4.095,4.075,4.09,0.026,Maybe,GT,
23,22,4.111,4.091,4.114,4.11,0.023,,GT,
23,23,4.265,4.265,4.266,4.27,0.001,,GT,
23,24,4.178,4.164,4.164,4.17,0.014,,GT,
23,25,4.226,4.23,4.223,4.23,0.007,,GT,
23,26,4.231,4.231,4.214,4.23,0.017,,GT,
23,27,4.207,4.208,4.207,4.21,0.001,,GT,
23,28,4.3,4.286,4.293,4.29,0.014,,GT,
23,29,4.152,4.127,4.141,4.14,0.025,,GT,
23,30,3.929,3.922,3.951,3.93,0.029,,GT,
24,1,4.364,4.357,4.364,4.36,0.007,,ES,
24,2,4.254,4.254,4.24,4.25,0.014,,ES,
24,3,4.226,4.218,4.21,4.22,0.016,,ES,
24,4,4.306,4.355,4.348,4.34,0.049,,ES,
24,5,4.413,4.406,4.392,4.40,0.021,,ES,
24,6,4.159,4.159,4.154,4.16,0.005,,ES,
24,7,4.344,4.354,4.358,4.35,0.014,,ES,
24,8,4.152,4.141,4.165,4.15,0.024,,ES,
24,9,4.233,4.248,4.225,4.24,0.023,,ES,
24,10,4.037,4.07,4.068,4.06,0.033,,ES,
24,11,4.06,4.054,4.04,4.05,0.02,,ES,
24,12,4.221,4.222,4.159,4.20,0.063,,ES,
24,13,4.211,4.215,4.222,4.22,0.011,,ES,
24,14,4.295,4.305,4.295,4.30,0.01,,ES,scale hard to see
24,15,4.169,4.187,4.187,4.18,0.018,,ES,
24,16,4.291,4.314,4.29,4.30,0.024,,ES,
24,17,4.25,4.191,4.222,4.22,0.059,,ES,
24,18,4.354,4.349,4.354,4.35,0.005,,ES,
24,19,4.089,4.074,4.111,4.09,0.037,Maybe,ES,
25,1,4.416,4.431,4.421,4.42,0.015,,ES,
25,2,4.329,4.29,4.32,4.31,0.039,,ES,
25,3,4.168,4.157,4.155,4.16,0.013,,ES,
25,4,4.29,4.297,4.309,4.30,0.019,,ES,
25,5,4.09,4.084,4.092,4.09,0.008,,ES,
25,6,4.246,4.259,4.256,4.25,0.013,,ES,
25,7,4.239,4.256,4.274,4.26,0.035,,ES,
25,8,4.376,4.391,4.354,4.37,0.037,,ES,
25,9,4.076,4.095,4.1,4.09,0.024,,ES,
25,10,4.365,4.381,4.377,4.37,0.016,,ES,
25,11,4.386,4.401,4.388,4.39,0.015,,ES,
25,12,4.437,4.413,4.424,4.42,0.024,,ES,
25,13,4.271,4.287,4.26,4.27,0.027,,ES,
25,14,4.268,4.288,4.281,4.28,0.02,,ES,
25,15,4.261,4.266,4.242,4.26,0.024,,ES,
25,16,4.241,4.246,4.245,4.24,0.005,,ES,
25,17,4.346,4.364,4.361,4.36,0.018,,ES,
25,18,4.355,4.364,4.374,4.36,0.019,,ES,
25,19,4.248,4.283,4.275,4.27,0.035,,ES,
25,20,4.65,4.37,4.375,4.47,0.28,,ES,
26,1,4.188,4.187,4.179,4.18,0.009,,ES,
26,2,4.278,4.27,4.256,4.27,0.022,,ES,
26,3,4.121,4.111,4.091,4.11,0.03,,ES,
26,4,4.26,4.252,4.236,4.25,0.024,,ES,
26,5,4.468,4.452,4.469,4.46,0.017,,ES,
26,6,4.424,4.396,4.429,4.42,0.033,,ES,
26,7,4.217,4.216,4.192,4.21,0.025,,ES,
26,8,4.183,4.19,4.216,4.20,0.033,,ES,
26,9,4.49,4.481,4.497,4.49,0.016,,ES,
26,10,4.289,4.293,4.289,4.29,0.004,,ES,
26,11,,,,#DIV/0!,0,,ES,Bent
27,1,4.122,4.107,4.143,4.12,0.036,,ES,
27,2,4.135,4.121,4.131,4.13,0.014,,ES,
27,3,4.221,4.206,4.222,4.22,0.016,,ES,
27,4,4.453,4.428,4.435,4.44,0.025,,ES,
27,5,4.311,4.335,4.292,4.31,0.043,,ES,
27,6,4.254,4.279,4.25,4.26,0.029,,ES,
27,7,4.328,4.336,4.321,4.33,0.015,,ES,
27,8,,,,#DIV/0!,0,,ES,No photo
27,9,4.229,4.212,4.211,4.22,0.018,,ES,
27,10,4.31,4.319,4.295,4.31,0.024,,ES,
27,11,4.412,4.403,4.419,4.41,0.016,,ES,
27,12,4.379,4.38,4.383,4.38,0.004,,ES,
27,13,4.031,4.011,4.031,4.02,0.02,,ES,
28,1,4.166,4.165,4.17,4.17,0.005,,ES,
28,2,4.105,4.105,4.106,4.11,0.001,,ES,
28,3,4.312,4.352,4.269,4.31,0.083,,ES,started recalibrating w/every measurement
28,4,4.307,4.215,4.137,4.22,0.17,,ES,
28,5,4.441,4.447,4.408,4.43,0.039,,ES,
28,6,4.336,4.173,4.281,4.26,0.163,,ES,
28,7,4.305,4.421,4.291,4.34,0.13,,ES,
28,8,4.425,4.348,4.343,4.37,0.082,,ES,
28,9,4.547,4.54,4.342,4.48,0.205,,ES,
28,10,4.375,4.263,4.436,4.36,0.173,,ES,
28,11,4.29,4.29,4.314,4.30,0.024,,ES,
28,12,4.162,4.143,4.197,4.17,0.054,,ES,
28,13,4.479,4.374,4.429,4.43,0.105,,ES,
28,14,4.243,4.264,4.347,4.28,0.104,,ES,
28,15,4.328,4.319,4.328,4.33,0.009,,ES,
28,16,4.276,4.234,4.276,4.26,0.042,,ES,
28,17,4.383,4.443,4.455,4.43,0.072,,ES,
28,18,4.381,4.376,4.312,4.36,0.069,,ES,
28,19,4.18,4.135,4.227,4.18,0.092,,ES,
28,20,4.425,4.425,4.474,4.44,0.049,,ES,
28,21,4.086,3.99,4.075,4.05,0.096,,ES,
28,22,4.329,4.341,4.414,4.36,0.085,,ES,
28,23,4.273,4.383,4.394,4.35,0.121,,ES,
28,24,4.388,4.42,4.354,4.39,0.066,,ES,
28,25,4.218,4.191,4.184,4.20,0.034,,ES,
28,26,4.257,4.199,4.267,4.24,0.068,,ES,
28,27,4.397,4.355,4.405,4.39,0.05,,ES,
28,28,4.256,4.283,4.275,4.27,0.027,,ES,
28,29,4.467,4.487,4.49,4.48,0.023,,ES,
28,30,4.283,4.268,4.258,4.27,0.025,,ES,
29,1,4.18,4.262,4.219,4.22,0.082,,ES,
29,2,4.193,4.224,4.222,4.21,0.031,,ES,
29,3,4.303,4.219,4.257,4.26,0.084,,ES,
29,4,4.172,4.189,4.144,4.17,0.045,,ES,
29,5,4.278,4.195,4.281,4.25,0.086,,ES,
29,6,4.074,3.996,4.017,4.03,0.078,,ES,
29,7,4.337,4.352,4.348,4.35,0.015,,ES,
29,8,4.052,4.141,4.169,4.12,0.117,,ES,
29,9,4.064,4.047,4.137,4.08,0.09,,ES,
29,10,4.16,4.174,4.067,4.13,0.107,,ES,
29,11,4.043,3.998,3.962,4.00,0.081,,ES,
29,12,4.176,4.143,4.198,4.17,0.055,,ES,
29,13,4.318,4.296,4.309,4.31,0.022,,ES,
29,14,4.308,4.283,4.261,4.28,0.047,,ES,
29,15,4.201,4.2,4.23,4.21,0.03,,ES,
29,16,4.262,4.414,4.388,4.35,0.152,,ES,
29,17,4.199,4.291,4.335,4.28,0.136,,ES,
29,18,4.188,4.196,4.111,4.17,0.085,,ES,
29,19,4.172,4.218,4.185,4.19,0.046,,ES,
29,20,4.008,3.955,4.017,3.99,0.062,,ES,
29,21,4.348,4.277,4.32,4.32,0.071,,ES,
29,22,4.064,4.071,4.08,4.07,0.016,,ES,
29,23,4.184,4.268,4.296,4.25,0.112,,ES,
29,24,4.294,4.268,4.242,4.27,0.052,,ES,
29,25,4.094,4.104,4.211,4.14,0.117,,ES,
29,26,3.944,3.93,4.071,3.98,0.141,,ES,
29,27,3.917,4.033,4.175,4.04,0.258,,ES,
29,28,3.914,3.968,3.913,3.93,0.055,,ES,
29,29,4.29,4.302,4.179,4.26,0.123,,ES,
29,30,4.041,4.075,4.048,4.05,0.034,,ES,
30,1,4.078,4.025,3.969,4.02,0.109,,ES,
30,2,4.192,4.287,4.215,4.23,0.095,,ES,
30,3,4.106,4.047,4.048,4.07,0.059,,ES,
30,4,4.237,4.271,4.206,4.24,0.065,,ES,
30,5,4.134,4.195,4.105,4.14,0.09,,ES,
30,6,4.08,4.122,4.095,4.10,0.042,,ES,
30,7,4.324,4.364,4.389,4.36,0.065,,ES,
30,8,4.248,4.225,4.225,4.23,0.023,,ES,
30,9,4.245,4.198,4.247,4.23,0.049,,ES,
30,10,4.226,4.246,4.301,4.26,0.075,,ES,
30,11,4.346,4.414,4.349,4.37,0.068,,ES,
30,12,4.394,4.316,4.326,4.35,0.078,,ES,
30,13,4.071,4.067,4.004,4.05,0.067,,ES,
30,14,,,,#DIV/0!,0,1,ES,
30,15,3.917,3.889,3.919,3.91,0.03,,ES,
30,16,4.312,4.214,4.214,4.25,0.098,,ES,
30,17,4.035,4.061,4.107,4.07,0.072,,ES,
30,18,4.214,4.183,4.157,4.18,0.057,,ES,
30,19,3.915,3.914,3.897,3.91,0.018,,ES,
30,20,4.086,4.003,4.083,4.06,0.083,,ES,
30,21,4.262,4.315,4.267,4.28,0.053,,ES,
30,22,4.158,4.156,4.106,4.14,0.052,,ES,
30,23,4.159,4.144,4.126,4.14,0.033,,ES,
30,24,4.216,4.24,4.157,4.20,0.083,,ES,
30,25,4.057,4.084,4.067,4.07,0.027,,ES,
30,26,4.233,4.225,4.186,4.21,0.047,,ES,
30,27,4.13,4.201,4.174,4.17,0.071,,ES,
30,28,4.157,4.154,4.135,4.15,0.022,,ES,
30,29,4.352,4.4,4.36,4.37,0.048,,ES,
31,1,4.18,4.143,4.185,4.17,0.042,,ES,
31,2,4.285,4.356,4.286,4.31,0.071,,ES,
31,3,4.194,4.282,4.195,4.22,0.088,,ES,
31,4,4.293,4.258,4.258,4.27,0.035,,ES,
31,5,4.198,4.203,4.145,4.18,0.058,,ES,
31,6,4.237,4.218,4.233,4.23,0.019,,ES,
31,7,4.277,4.259,4.177,4.24,0.1,,ES,
31,8,4.159,4.177,4.195,4.18,0.036,,ES,
31,9,4.078,4.167,4.127,4.12,0.089,,ES,
31,10,4.378,4.389,4.31,4.36,0.079,,ES,
31,11,4.204,4.204,4.196,4.20,0.008,,ES,
31,12,4.079,4.169,4.125,4.12,0.09,,ES,
31,13,4.072,4.105,4.099,4.09,0.033,,ES,
31,14,4.39,4.385,4.372,4.38,0.018,,ES,
31,15,4.166,4.215,4.26,4.21,0.094,,ES,
31,16,4.296,4.21,4.264,4.26,0.086,,ES,
31,17,4.063,4.026,4.086,4.06,0.06,,ES,
31,18,4.194,4.127,4.123,4.15,0.071,,ES,
31,19,4.258,4.22,4.241,4.24,0.038,,ES,
31,20,4.349,4.311,4.282,4.31,0.067,,ES,
31,21,4.279,4.259,4.318,4.29,0.059,,ES,
31,22,4.094,3.992,4.029,4.04,0.102,,ES,
31,23,4.001,4.101,4.256,4.12,0.255,,ES,scale hard to see
31,24,4.255,4.23,4.294,4.26,0.064,,ES,
31,25,4.194,4.281,4.189,4.22,0.092,,ES,
31,26,4.161,4.12,4.188,4.16,0.068,,ES,
31,27,4.196,4.146,4.157,4.17,0.05,,ES,
31,28,4.13,4.15,4.157,4.15,0.027,,ES,
31,29,4.349,4.305,4.335,4.33,0.044,,ES,
31,30,4.201,4.191,4.112,4.17,0.089,,ES,
32,1,4.414,4.363,4.384,4.39,0.051,,ES,
32,2,4.257,4.226,4.228,4.24,0.031,,ES,
32,3,4.254,4.313,4.328,4.30,0.074,,ES,
32,4,4.345,4.337,4.36,4.35,0.023,,ES,
32,5,4.176,4.147,4.196,4.17,0.049,,ES,
32,6,4.3,4.231,4.255,4.26,0.069,,ES,
32,7,4.166,4.147,4.084,4.13,0.082,,ES,
32,8,4.321,4.255,4.271,4.28,0.066,,ES,
32,9,4.157,4.078,4.137,4.12,0.079,,ES,
32,10,4.163,4.195,4.206,4.19,0.043,,ES,
32,11,4.306,4.295,4.381,4.33,0.086,,ES,
32,12,4.377,4.395,4.295,4.36,0.1,,ES,
32,13,4.331,4.279,4.355,4.32,0.076,,ES,
32,14,4.247,4.238,4.231,4.24,0.016,,ES,
32,15,4.245,4.194,4.26,4.23,0.066,,ES,
32,16,4.219,4.247,4.248,4.24,0.029,,ES,
32,17,4.322,4.23,4.301,4.28,0.092,,ES,
32,18,4.424,4.475,4.493,4.46,0.069,,ES,
32,19,4.102,4.152,4.132,4.13,0.05,,ES,
32,20,4.331,4.323,4.3,4.32,0.031,,ES,
32,21,4.26,4.278,4.331,4.29,0.071,,ES,
32,22,4.206,4.272,4.229,4.24,0.066,,ES,
32,23,4.204,4.171,4.255,4.21,0.084,,ES,
32,24,4.541,4.553,4.461,4.52,0.092,,ES,
32,25,4.316,4.357,4.299,4.32,0.058,,ES,
32,26,4.125,4.178,4.127,4.14,0.053,,ES,
32,27,,,,#DIV/0!,0,1,ES,missing an eye
32,28,3.997,3.969,4.05,4.01,0.081,,ES,
32,29,4.452,4.411,4.382,4.42,0.07,,ES,
32,30,4.262,4.233,4.22,4.24,0.042,,ES,
33,1,4.111,4.119,4.122,4.12,0.011,,ES,
33,2,4.033,4.11,4.041,4.06,0.077,,ES,
33,3,4.28,4.378,4.38,4.35,0.1,,ES,
33,4,4.176,4.123,4.119,4.14,0.057,,ES,
33,5,4.382,4.349,4.363,4.36,0.033,,ES,
33,6,4.16,4.21,4.175,4.18,0.05,,ES,
33,7,4.321,4.339,4.271,4.31,0.068,,ES,
33,8,3.995,4.075,4.07,4.05,0.08,,ES,
33,9,4.123,4.136,4.16,4.14,0.037,,ES,
33,10,4.271,4.239,4.301,4.27,0.062,,ES,
33,11,4.205,4.215,4.293,4.24,0.088,,ES,
33,12,4.21,4.201,4.167,4.19,0.043,,ES,
33,13,4.287,4.283,4.228,4.27,0.059,,ES,
33,14,4.251,4.204,4.252,4.24,0.048,,ES,
33,15,4.099,4.063,4.071,4.08,0.036,,ES,
33,16,3.929,3.959,3.937,3.94,0.03,,ES,
33,17,4.278,4.234,4.261,4.26,0.044,,ES,
33,18,4.088,4.095,4.091,4.09,0.007,,ES,
33,19,4.158,4.113,4.174,4.15,0.061,,ES,
33,20,4.226,4.235,4.172,4.21,0.063,,ES,
33,21,4.216,4.202,4.208,4.21,0.014,,ES,
33,22,4.165,4.166,4.091,4.14,0.075,,ES,
33,23,4.403,4.353,4.45,4.40,0.097,,ES,
33,24,4.229,4.276,4.177,4.23,0.099,,ES,
33,25,4.235,4.24,4.142,4.21,0.098,,ES,
33,26,,,,#DIV/0!,0,,ES,photo not clear
33,27,4.336,4.354,4.426,4.37,0.09,,ES,
33,28,4.285,4.194,4.283,4.25,0.091,,ES,
33,29,,,,#DIV/0!,0,,ES,photo not clear
33,30,4.003,3.99,3.973,3.99,0.03,,ES,
34,1,4.231,4.145,4.142,4.17,0.089,,ES,
34,2,4.229,4.298,4.29,4.27,0.069,,ES,
34,3,,,,#DIV/0!,0,1,ES,
34,4,4.247,4.169,4.219,4.21,0.078,,ES,
34,5,4.059,4.068,4.099,4.08,0.04,,ES,
34,6,4.343,4.398,4.417,4.39,0.074,,ES,
34,7,4.169,4.154,4.172,4.17,0.018,,ES,
34,8,4.307,4.313,4.36,4.33,0.053,,ES,
34,9,3.953,3.889,3.988,3.94,0.099,,ES,
34,10,4.585,4.543,4.527,4.55,0.058,,ES,
34,11,4.275,4.34,4.295,4.30,0.065,,ES,
34,12,4.26,4.21,4.194,4.22,0.066,,ES,
34,13,4.208,4.152,4.223,4.19,0.071,,ES,
34,14,,,,#DIV/0!,0,,ES,photo not clear
34,15,,,,#DIV/0!,0,1,ES,
34,16,4.301,4.268,4.309,4.29,0.041,,ES,
34,17,,,,#DIV/0!,0,,ES,photo not clear
35,1,4.33,4.368,4.291,4.33,0.077,,ES,
35,2,4.332,4.305,4.316,4.32,0.027,,ES,
35,3,4.209,4.175,4.152,4.18,0.057,,ES,
35,4,4.08,4.151,4.139,4.12,0.071,,ES,
35,5,,,,#DIV/0!,0,1,ES,
35,6,4.136,4.188,4.109,4.14,0.079,,ES,
35,7,4.185,4.12,4.112,4.14,0.073,,ES,
35,8,4.301,4.349,4.368,4.34,0.067,,ES,
35,9,,,,#DIV/0!,0,1,ES,
35,10,4.261,4.178,4.211,4.22,0.083,,ES,
35,11,4.388,4.35,4.374,4.37,0.038,,ES,
35,12,4.288,4.309,4.217,4.27,0.092,,ES,
35,13,4.439,4.375,4.453,4.42,0.078,,ES,
35,14,4.109,4.09,4.048,4.08,0.061,,ES,
35,15,4.275,4.205,4.254,4.24,0.07,,ES,
36,1,4.327,4.251,4.346,4.31,0.095,,ES,
36,2,4.149,4.149,4.149,4.15,0,,ES,
36,3,4.255,4.331,4.287,4.29,0.076,,ES,
36,4,4.266,4.252,4.323,4.28,0.071,,ES,
36,5,4.105,4.111,4.046,4.09,0.065,,ES,
36,6,,,,#DIV/0!,0,1,ES,
36,7,4.09,4.067,4.048,4.07,0.042,,ES,
36,8,4.208,4.285,4.24,4.24,0.077,,ES,
36,9,,,,#DIV/0!,0,1,ES,
36,10,4.309,4.329,4.291,4.31,0.038,,ES,
36,11,4.282,4.236,4.261,4.26,0.046,,ES,
36,12,4.231,4.274,4.216,4.24,0.058,,ES,
36,13,4.255,4.155,4.248,4.22,0.1,,ES,
36,14,4.088,4.123,4.128,4.11,0.04,,ES,
36,15,4.31,4.223,4.241,4.26,0.087,,ES,
37,1,4.485,4.487,4.487,4.49,0.002,,ES,stopped resetting scale after each measurement
37,2,4.306,4.298,4.309,4.30,0.011,,ES,
37,3,4.169,4.195,4.204,4.19,0.035,,ES,
37,4,4.282,4.287,4.304,4.29,0.022,,ES,
37,5,4.437,4.44,4.43,4.44,0.01,,ES,
37,6,4.463,4.439,4.462,4.45,0.024,,ES,
37,7,4.429,4.418,4.451,4.43,0.033,,ES,
37,8,4.377,4.382,4.357,4.37,0.025,,ES,
37,9,4.351,4.357,4.362,4.36,0.011,,ES,
37,10,4.155,4.212,4.181,4.18,0.057,,ES,
37,11,4.475,4.459,4.462,4.47,0.016,,ES,
37,12,4.47,4.474,4.388,4.44,0.086,,ES,
37,13,4.328,4.321,4.328,4.33,0.007,,ES,
37,14,4.372,4.371,4.342,4.36,0.03,,ES,
37,15,4.441,4.398,4.408,4.42,0.043,,ES,
37,16,4.382,4.383,4.382,4.38,0.001,,ES,
37,17,4.175,4.172,4.182,4.18,0.01,,ES,
37,18,4.375,4.312,4.381,4.36,0.069,,ES,
37,19,4.243,4.224,4.245,4.24,0.021,,ES,
37,20,4.227,4.251,4.248,4.24,0.024,,ES,
38,1,4.104,4.105,4.104,4.10,0.001,,ES,
38,2,4.125,4.213,4.209,4.18,0.088,,ES,
38,3,4.387,4.395,4.38,4.39,0.015,,ES,
38,4,4.259,4.253,4.257,4.26,0.006,,ES,
38,5,4.436,4.437,4.421,4.43,0.016,,ES,
38,6,4.026,4.113,4.091,4.08,0.087,,ES,
38,7,4.403,4.391,4.405,4.40,0.014,,ES,
38,8,4.301,4.306,4.301,4.30,0.005,,ES,
38,9,4.411,4.413,4.436,4.42,0.025,,ES,
38,10,4.34,4.34,4.368,4.35,0.028,,ES,
38,11,4.228,4.246,4.236,4.24,0.018,,ES,
38,12,4.305,4.365,4.33,4.33,0.06,,ES,
38,13,4.34,4.312,4.323,4.33,0.028,,ES,
38,14,4.062,3.995,4.01,4.02,0.067,,ES,
38,15,4.277,4.315,4.316,4.30,0.039,,ES,
38,16,4.424,4.394,4.39,4.40,0.034,,ES,
38,17,4.319,4.326,4.355,4.33,0.036,,ES,
38,18,4.418,4.393,4.407,4.41,0.025,,ES,
38,19,4.151,4.129,4.125,4.14,0.026,,ES,
38,20,4.275,4.27,4.272,4.27,0.005,,ES,
38,21,4.349,4.35,4.369,4.36,0.02,,ES,
38,22,4.467,4.475,4.486,4.48,0.019,,ES,
38,23,4.356,4.348,4.306,4.34,0.05,,ES,
38,24,,,,#DIV/0!,0,1,ES,
38,25,4.276,4.276,4.26,4.27,0.016,,ES,
38,26,4.018,4.007,4.024,4.02,0.017,,ES,
38,27,4.258,4.271,4.237,4.26,0.034,,ES,
38,28,4.303,4.388,4.309,4.33,0.085,,ES,
38,29,4.426,4.433,4.442,4.43,0.016,,ES,
38,30,4.287,4.279,4.29,4.29,0.011,,ES,
39,1,,,,#DIV/0!,0,1,ES,
39,2,4.415,4.372,4.4,4.40,0.043,,ES,
39,3,4.474,4.414,4.481,4.46,0.067,,ES,
39,4,4.299,4.312,4.286,4.30,0.026,,ES,
39,5,4.45,4.446,4.436,4.44,0.014,,ES,
39,6,4.255,4.269,4.287,4.27,0.032,,ES,
39,7,4.238,4.211,4.218,4.22,0.027,,ES,
39,8,4.334,4.337,4.327,4.33,0.01,,ES,
39,9,4.319,4.308,4.285,4.30,0.034,,ES,
39,10,4.199,4.226,4.205,4.21,0.027,,ES,
39,11,4.246,4.246,4.238,4.24,0.008,,ES,
39,12,4.3,4.331,4.339,4.32,0.039,,ES,
39,13,4.021,4.025,4.018,4.02,0.007,,ES,
39,14,4.157,4.209,4.144,4.17,0.065,,ES,
39,15,4.33,4.422,4.362,4.37,0.092,,ES,
40,1,4.421,4.448,4.385,4.42,0.063,,ES,
40,2,4.505,4.521,4.511,4.51,0.016,,ES,
40,3,4.305,4.277,4.295,4.29,0.028,,ES,
40,4,4.315,4.33,4.328,4.32,0.015,,ES,
40,5,4.326,4.318,4.316,4.32,0.01,,ES,
40,6,4.511,4.474,4.457,4.48,0.054,,ES,
40,7,4.612,4.55,4.554,4.57,0.062,,ES,
40,8,,,,#DIV/0!,0,1,ES,
40,9,,,,#DIV/0!,0,1,ES,
40,10,4.392,4.378,4.372,4.38,0.02,,ES,
40,11,4.396,4.317,4.355,4.36,0.079,,ES,
40,12,4.477,4.502,4.496,4.49,0.025,,ES,
40,13,4.488,4.442,4.468,4.47,0.046,,ES,
40,14,4.442,4.419,4.434,4.43,0.023,,ES,
40,15,4.274,4.285,4.277,4.28,0.011,,ES,
41,1,3.862,3.846,3.825,3.84,0.037,1,ES,
41,2,4.128,4.144,4.17,4.15,0.042,,ES,
41,3,4.186,4.159,4.177,4.17,0.027,,ES,
41,4,4.196,4.151,4.177,4.17,0.045,,ES,
41,5,4.033,4.032,4.05,4.04,0.018,,ES,
41,6,4.326,4.323,4.275,4.31,0.051,,ES,
41,7,4.025,4.022,4.017,4.02,0.008,,ES,
41,8,4.283,4.249,4.224,4.25,0.059,,ES,
41,9,4.129,4.141,4.068,4.11,0.073,,ES,
41,10,4.234,4.253,4.197,4.23,0.056,,ES,
41,11,3.956,3.942,3.962,3.95,0.02,,ES,
41,12,4.143,4.134,4.091,4.12,0.052,,ES,
41,13,4.219,4.2,4.208,4.21,0.019,,ES,
41,14,4.177,4.209,4.194,4.19,0.032,,ES,
41,15,4.248,4.201,4.2,4.22,0.048,,ES,
41,16,4.229,4.177,4.205,4.20,0.052,,ES,
41,17,4.289,4.286,4.3,4.29,0.014,,ES,
41,18,4.185,4.187,4.156,4.18,0.031,,ES,
41,19,4.257,4.261,4.269,4.26,0.012,,ES,
41,20,,,,#DIV/0!,0,1,ES,
41,21,4.188,4.17,4.209,4.19,0.039,,ES,
41,22,4.245,4.217,4.197,4.22,0.048,,ES,
41,23,4.258,4.22,4.228,4.24,0.038,,ES,
41,24,4.213,4.206,4.245,4.22,0.039,,ES,
41,25,4.173,4.176,4.176,4.18,0.003,,ES,
41,26,,,,#DIV/0!,0,1,ES,
41,27,4.186,4.163,4.186,4.18,0.023,,ES,
41,28,4.151,4.163,4.125,4.15,0.038,,ES,
41,29,4.185,4.172,4.188,4.18,0.016,,ES,
41,30,4.118,4.09,4.143,4.12,0.053,,ES,
42,1,4.03,4.08,4.076,4.06,0.05,,ES,
42,2,4.365,4.372,4.343,4.36,0.029,,ES,
42,3,4.31,4.32,4.332,4.32,0.022,,ES,
42,4,4.254,4.249,4.267,4.26,0.018,,ES,
42,5,4.052,4.072,4.043,4.06,0.029,,ES,
42,6,4.224,4.197,4.159,4.19,0.065,,ES,
42,7,4.28,4.282,4.282,4.28,0.002,,ES,
42,8,4.243,4.27,4.244,4.25,0.027,,ES,
42,9,4.159,4.159,4.161,4.16,0.002,,ES,
42,10,4.132,4.153,4.129,4.14,0.024,,ES,
42,11,4.376,4.321,4.302,4.33,0.074,,ES,
42,12,4.301,4.277,4.311,4.30,0.034,,ES,
42,13,4.145,4.148,4.141,4.14,0.007,,ES,
42,14,4.123,4.136,4.123,4.13,0.013,,ES,
42,15,4.212,4.181,4.174,4.19,0.038,,ES,
42,16,4.095,4.102,4.095,4.10,0.007,,ES,
42,17,3.954,3.94,3.956,3.95,0.016,,ES,
42,18,4.136,4.165,4.137,4.15,0.029,,ES,
42,19,4.166,4.177,4.183,4.18,0.017,,ES,
42,20,4.349,4.334,4.322,4.34,0.027,,ES,
42,21,4.052,4.024,4.046,4.04,0.028,,ES,
42,22,,,,#DIV/0!,0,1,ES,bent
42,23,3.961,3.946,3.961,3.96,0.015,,ES,
42,24,3.98,3.988,3.978,3.98,0.01,,ES,
42,25,,,,#DIV/0!,0,1,ES,
42,26,,,,#DIV/0!,0,1,ES,
42,27,4.167,4.178,4.165,4.17,0.013,,ES,
42,28,4.188,4.186,4.161,4.18,0.027,,ES,
42,29,3.988,3.954,3.981,3.97,0.034,,ES,
42,30,4.278,4.334,4.301,4.30,0.056,,ES,
43,1,4.225,4.177,4.194,4.20,0.048,,ES,
43,2,4.253,4.215,4.216,4.23,0.038,,ES,
43,3,,,,#DIV/0!,0,1,ES,
43,4,,,,#DIV/0!,0,1,ES,
43,5,4.484,4.493,4.412,4.46,0.081,,ES,
43,6,,,,#DIV/0!,0,,ES,no photo
43,7,,,,#DIV/0!,0,1,ES,
43,8,,,,#DIV/0!,0,1,ES,
43,9,,,,#DIV/0!,0,1,ES,
43,10,,,,#DIV/0!,0,,ES,no photo
43,11,,,,#DIV/0!,0,1,ES,
43,12,4.293,4.29,4.303,4.30,0.013,,ES,
43,13,4.419,4.416,4.43,4.42,0.014,,ES,
43,14,4.187,4.173,4.169,4.18,0.018,,ES,
43,15,4.137,4.174,4.177,4.16,0.04,,ES,
44,1,3.862,3.859,3.918,3.88,0.059,1,ES,
44,2,4.262,4.245,4.249,4.25,0.017,,ES,hard to see scale
44,3,4.195,4.209,4.186,4.20,0.023,,ES,
44,4,4.241,4.247,4.237,4.24,0.01,,ES,
44,5,4.155,4.176,4.132,4.15,0.044,,ES,
44,6,4.173,4.208,4.219,4.20,0.046,,ES,
44,7,4.083,4.118,4.083,4.09,0.035,,ES,
44,8,4.129,4.135,4.117,4.13,0.018,,ES,
44,9,,,,#DIV/0!,0,,ES,can't see scale
44,10,3.996,3.992,4.017,4.00,0.025,,ES,
44,11,4.228,4.219,4.235,4.23,0.016,,ES,
44,12,4.128,4.078,4.137,4.11,0.059,,ES,
44,13,4.063,4.035,4.012,4.04,0.051,,ES,
44,14,3.979,3.952,3.981,3.97,0.029,,ES,
44,15,4.232,4.203,4.217,4.22,0.029,,ES,
45,1,4.178,4.187,4.163,4.18,0.024,,ES,
45,2,4.231,4.249,4.244,4.24,0.018,,ES,
45,3,4.363,4.382,4.344,4.36,0.038,,ES,
45,4,4.394,4.4,4.396,4.40,0.006,,ES,
45,5,4.252,4.23,4.216,4.23,0.036,,ES,
45,6,4.257,4.238,4.28,4.26,0.042,,ES,
45,7,4.242,4.236,4.254,4.24,0.018,,ES,
45,8,3.935,3.947,3.938,3.94,0.012,,ES,
45,9,4.17,4.137,4.13,4.15,0.04,,ES,
45,10,3.907,3.907,3.892,3.90,0.015,,ES,
45,11,4.19,4.175,4.158,4.17,0.032,,ES,
45,12,4.032,4.047,4.057,4.05,0.025,,ES,
45,13,4.201,4.173,4.179,4.18,0.028,,ES,
45,14,4.169,4.185,4.163,4.17,0.022,,ES,
45,15,3.993,4.01,3.953,3.99,0.057,,ES,
45,16,4.271,4.273,4.269,4.27,0.004,,ES,
45,17,4.218,4.223,4.27,4.24,0.052,,ES,
45,18,4.417,4.419,4.465,4.43,0.048,,ES,
46,1,4.342,4.338,4.341,4.34,0.004,,ES,
46,2,4.165,4.147,4.157,4.16,0.018,,ES,
46,3,4.067,4.057,4.043,4.06,0.024,,ES,
46,4,4.321,4.342,4.307,4.32,0.035,,ES,
46,5,4.387,4.368,4.38,4.38,0.019,,ES,
46,6,4.095,4.103,4.081,4.09,0.022,,ES,
46,7,,,,#DIV/0!,0,1,ES,
46,8,4.418,4.419,4.421,4.42,0.003,,ES,
46,9,4.465,4.41,4.411,4.43,0.055,,ES,
46,10,4.283,4.319,4.279,4.29,0.04,,ES,
46,11,,,,#DIV/0!,0,,ES,no photo
46,12,4.207,4.196,4.18,4.19,0.027,,ES,
46,13,4.047,4.065,4.072,4.06,0.025,,ES,hard to see scale
46,14,4.296,4.299,4.296,4.30,0.003,,ES,
46,15,4.26,4.268,4.303,4.28,0.043,,ES,
46,16,4.281,4.253,4.286,4.27,0.033,,ES,
46,17,4.145,4.138,4.148,4.14,0.01,,ES,
46,18,4.344,4.331,4.318,4.33,0.026,,ES,
46,19,4.404,4.414,4.414,4.41,0.01,,ES,
46,20,4.294,4.301,4.331,4.31,0.037,,ES,
46,21,4.281,4.229,4.22,4.24,0.061,,ES,
46,22,4.312,4.31,4.318,4.31,0.008,,ES,
46,23,4.244,4.253,4.262,4.25,0.018,,ES,
46,24,4.25,4.218,4.259,4.24,0.041,,ES,
46,25,4.066,4.159,4.107,4.11,0.093,,ES,
46,26,4.375,4.358,4.32,4.35,0.055,,ES,
46,27,4.306,4.323,4.323,4.32,0.017,,ES,
46,28,4.214,4.213,4.233,4.22,0.02,,ES,
46,29,3.951,3.967,3.975,3.96,0.024,,ES,hard to see scale
46,30,4.243,4.274,4.257,4.26,0.031,,ES,
47,1,4.161,4.139,4.131,4.14,0.03,,ES,
47,2,4.352,4.33,4.325,4.34,0.027,,ES,
47,3,3.909,3.982,3.954,3.95,0.073,,ES,
47,4,4.187,4.179,4.185,4.18,0.008,,ES,
47,5,4.305,4.305,4.303,4.30,0.002,,ES,
47,6,4.069,4.077,4.044,4.06,0.033,,ES,
47,7,4.154,4.149,4.146,4.15,0.008,,ES,
47,8,4.081,4.081,4.067,4.08,0.014,,ES,
47,9,4.19,4.141,4.157,4.16,0.049,,ES,
47,10,,,,#DIV/0!,0,1,ES,
47,11,4.197,4.161,4.172,4.18,0.036,,ES,
47,12,4.11,4.127,4.138,4.13,0.028,,ES,
47,13,,,,#DIV/0!,0,,ES,can't see scale
47,14,4.013,4.032,4.061,4.04,0.048,,ES,
47,15,4.182,4.208,4.185,4.19,0.026,,ES,
48,1,,,,#DIV/0!,0,1,ES,
48,2,4.277,4.3,4.287,4.29,0.023,,ES,
48,3,,,,#DIV/0!,0,1,ES,
48,4,4.466,4.454,4.453,4.46,0.013,,ES,
48,5,4.355,4.342,4.313,4.34,0.042,,ES,
48,6,4.267,4.287,4.339,4.30,0.072,,ES,hard to see scale
48,7,,,,#DIV/0!,0,1,ES,
48,8,4.036,4.037,4.002,4.03,0.035,,ES,
48,9,4.018,4.042,4.001,4.02,0.041,,ES,
48,10,,,,#DIV/0!,0,,ES,can't see scale
48,11,,,,#DIV/0!,0,1,ES,
48,12,,,,#DIV/0!,0,1,ES,
48,13,4.137,4.119,4.133,4.13,0.018,,ES,
48,14,4.411,4.403,4.409,4.41,0.008,,ES,
48,15,4.328,4.326,4.244,4.30,0.084,,ES,
49,2,4.075,4.065,4.069,4.07,0.01,,ES,
49,3,4.208,4.192,4.202,4.20,0.016,,ES,
49,4,4.075,4.111,4.114,4.10,0.039,,ES,
49,5,4.224,4.234,4.228,4.23,0.01,,ES,
50,1,,,,#DIV/0!,0,1,ES,
50,2,4.272,4.278,4.262,4.27,0.016,,ES,
50,3,4.47,4.481,4.473,4.47,0.011,,ES,
50,4,4.24,4.249,4.271,4.25,0.031,,ES,
50,5,4.252,4.254,4.262,4.26,0.01,,ES,
50,6,4.408,4.388,4.4,4.40,0.02,,ES,
50,7,4.129,4.142,4.145,4.14,0.016,,ES,
50,8,4.28,4.245,4.246,4.26,0.035,,ES,
50,9,4.152,4.154,4.157,4.15,0.005,,ES,
50,10,4.29,4.282,4.266,4.28,0.024,,ES,
50,11,4.421,4.428,4.426,4.43,0.007,,ES,
50,12,4.454,4.453,4.447,4.45,0.007,,ES,
50,13,,,,#DIV/0!,0,1,ES,
50,14,4.507,4.508,4.499,4.50,0.009,,ES,
50,15,4.288,4.322,4.315,4.31,0.034,,ES,
51,1,4.286,4.258,4.255,4.27,0.031,,ES,
51,2,4.201,4.186,4.201,4.20,0.015,,ES,
51,3,4.327,4.329,4.332,4.33,0.005,,ES,
51,4,4.085,4.101,4.093,4.09,0.016,,ES,
51,5,4.033,4.031,4.027,4.03,0.006,,ES,
51,6,4.051,4.07,4.037,4.05,0.033,,ES,
51,7,4.206,4.198,4.218,4.21,0.02,,ES,
51,8,4.193,4.186,4.177,4.19,0.016,,ES,
51,9,4.112,4.117,4.112,4.11,0.005,,ES,
51,10,4.138,4.135,4.112,4.13,0.026,,ES,
51,11,4.235,4.229,4.241,4.24,0.012,,ES,
51,12,4.229,4.25,4.227,4.24,0.023,,ES,
51,13,4.272,4.32,4.305,4.30,0.048,,ES,
52,1,4.268,4.268,4.274,4.27,0.006,,ES,
52,2,4.368,4.322,4.347,4.35,0.046,,ES,
52,3,4.44,4.433,4.414,4.43,0.026,,ES,
52,4,4.25,4.226,4.25,4.24,0.024,,ES,
52,14,4.335,4.323,4.296,4.32,0.039,,ES,
52,15,4.142,4.144,4.161,4.15,0.019,,ES,
52,16,4.287,4.325,4.306,4.31,0.038,,ES,
52,17,4.228,4.267,4.258,4.25,0.039,,ES,
52,18,4.224,4.232,4.241,4.23,0.017,,ES,
52,19,4.159,4.162,4.166,4.16,0.007,,ES,
52,20,4.39,4.342,4.348,4.36,0.048,,ES,
53,1,4.46,4.428,4.433,4.44,0.032,,ES,
53,2,4.352,4.342,4.368,4.35,0.026,,ES,
53,3,4.061,4.045,4.082,4.06,0.037,,ES,
53,4,4.317,4.295,4.295,4.30,0.022,,ES,
53,5,4.206,4.191,4.202,4.20,0.015,,ES,
53,6,4.251,4.235,4.279,4.26,0.044,,ES,
53,7,4.405,4.397,4.419,4.41,0.022,,ES,
53,8,4.042,4.044,4.054,4.05,0.012,,ES,
53,9,4.382,4.395,4.359,4.38,0.036,,ES,
53,10,,,,#DIV/0!,0,,ES,can't see scale
53,11,,,,#DIV/0!,0,1,ES,
53,12,4.121,4.116,4.133,4.12,0.017,,ES,
53,13,4.351,4.319,4.359,4.34,0.04,,ES,
53,14,4.057,4.037,4.054,4.05,0.02,,ES,
53,15,4.191,4.214,4.189,4.20,0.025,,ES,
53,16,4.487,4.488,4.466,4.48,0.022,,ES,
53,17,4.404,4.439,4.461,4.43,0.057,,ES,
53,18,4.224,4.223,4.218,4.22,0.006,,ES,
53,19,4.28,4.257,4.28,4.27,0.023,,ES,
54,1,4.1,4.095,4.129,4.11,0.034,,ES,
54,2,4.449,4.413,4.425,4.43,0.036,,ES,
54,3,3.929,3.919,3.92,3.92,0.01,,ES,
54,4,4.366,4.37,4.355,4.36,0.015,,ES,
54,5,4.011,4.012,4.006,4.01,0.006,,ES,
54,6,4.022,4.023,3.999,4.01,0.024,,ES,
54,7,4.169,4.169,4.16,4.17,0.009,,ES,
54,8,,,,#DIV/0!,0,1,ES,
54,9,4.154,4.193,4.164,4.17,0.039,,ES,
54,10,4.043,4.031,4.043,4.04,0.012,,ES,
54,11,4.226,4.225,4.225,4.23,0.001,,ES,
54,12,4.171,4.167,4.166,4.17,0.005,,ES,
54,13,4.048,4.044,4.064,4.05,0.02,,ES,
54,14,4.244,4.245,4.243,4.24,0.002,,ES,
54,15,4.176,4.151,4.17,4.17,0.025,,ES,
55,1,4.466,4.43,4.435,4.44,0.036,,ES,
55,2,,,,#DIV/0!,0,1,ES,
55,3,4.179,4.161,4.201,4.18,0.04,,ES,
55,4,4.49,4.458,4.457,4.47,0.033,,ES,
55,5,4.416,4.403,4.393,4.40,0.023,,ES,
55,6,4.262,4.262,4.256,4.26,0.006,,ES,
55,7,4.35,4.363,4.381,4.36,0.031,,ES,
55,8,4.445,4.429,4.423,4.43,0.022,,ES,
55,9,4.393,4.37,4.378,4.38,0.023,,ES,
55,10,4.484,4.506,4.466,4.49,0.04,,ES,
55,11,4.306,4.324,4.303,4.31,0.021,,ES,
55,12,4.301,4.26,4.294,4.29,0.041,,ES,
55,13,4.357,4.377,4.352,4.36,0.025,,ES,
55,14,4.326,4.311,4.337,4.32,0.026,,ES,
55,15,4.3,4.3,4.316,4.31,0.016,,ES,
56,1,4.031,4.01,4.019,4.02,0.021,,ES,
56,2,4.265,4.244,4.256,4.26,0.021,,ES,
56,3,4.405,4.388,4.393,4.40,0.017,,ES,
56,4,4.2,4.232,4.221,4.22,0.032,,ES,
56,5,4.127,4.128,4.104,4.12,0.024,,ES,
56,6,4.179,4.182,4.171,4.18,0.011,,ES,
56,7,4.299,4.265,4.288,4.28,0.034,,ES,
56,8,4.145,4.168,4.138,4.15,0.03,,ES,
56,9,4.273,4.255,4.238,4.26,0.035,,ES,
56,10,4.219,4.195,4.213,4.21,0.024,,ES,
56,11,4.263,4.256,4.269,4.26,0.013,,ES,
56,12,4.3,4.275,4.288,4.29,0.025,,ES,
56,13,4.303,4.293,4.306,4.30,0.013,,ES,
56,14,4.036,4.023,4.023,4.03,0.013,,ES,
56,15,4.163,4.172,4.191,4.18,0.028,,ES,
56,16,4.472,4.472,4.444,4.46,0.028,,ES,
56,17,4.25,4.268,4.25,4.26,0.018,,ES,
56,18,4.159,4.176,4.158,4.16,0.018,,ES,
56,19,4.373,4.362,4.362,4.37,0.011,,ES,
56,20,4.321,4.321,4.332,4.32,0.011,,ES,
56,21,4.26,4.271,4.255,4.26,0.016,,ES,
56,22,4.385,4.397,4.382,4.39,0.015,,ES,
56,23,4.219,4.238,4.222,4.23,0.019,,ES,
56,24,4.253,4.267,4.235,4.25,0.032,,ES,
56,25,4.278,4.252,4.261,4.26,0.026,,ES,
56,26,4.219,4.194,4.207,4.21,0.025,,ES,
56,27,4.382,4.379,4.398,4.39,0.019,,ES,
56,28,4.4,4.392,4.408,4.40,0.016,,ES,
56,29,4.323,4.293,4.307,4.31,0.03,,ES,
56,30,4.155,4.172,4.173,4.17,0.018,,ES,
57,1,4.25,4.248,4.233,4.24,0.017,,ES,
57,2,4.301,4.297,4.297,4.30,0.004,,ES,
57,3,4.197,4.195,4.164,4.19,0.033,,ES,
57,4,4.327,4.342,4.335,4.33,0.015,,ES,
57,5,4.318,4.333,4.239,4.30,0.094,,ES,
57,6,4.372,4.337,4.357,4.36,0.035,,ES,
57,7,4.217,4.234,4.225,4.23,0.017,,ES,
57,8,4.403,4.399,4.387,4.40,0.016,,ES,
57,9,4.175,4.192,4.175,4.18,0.017,,ES,
57,10,4.397,4.391,4.391,4.39,0.006,,ES,
57,11,4.24,4.242,4.237,4.24,0.005,,ES,
57,12,4.387,4.376,4.37,4.38,0.017,,ES,
57,13,4.38,4.417,4.426,4.41,0.046,,ES,
57,14,4.42,4.383,4.376,4.39,0.044,,ES,
57,15,4.341,4.321,4.333,4.33,0.02,,ES,
57,16,4.374,4.377,4.37,4.37,0.007,,ES,
57,17,4.374,4.363,4.378,4.37,0.015,,ES,
57,18,4.242,4.23,4.229,4.23,0.013,,ES,
57,19,4.29,4.282,4.28,4.28,0.01,,ES,
57,20,4.367,4.366,4.367,4.37,0.001,,ES,
57,21,4.269,4.266,4.269,4.27,0.003,,ES,
57,22,4.173,4.18,4.173,4.18,0.007,,ES,
57,23,4.346,4.329,4.336,4.34,0.017,,ES,
57,24,4.402,4.388,4.427,4.41,0.039,,ES,
57,25,4.202,4.203,4.208,4.20,0.006,,ES,
57,26,4.256,4.27,4.278,4.27,0.022,,ES,
57,27,4.335,4.335,4.314,4.33,0.021,,ES,
57,28,4.292,4.288,4.284,4.29,0.008,,ES,
57,29,4.329,4.334,4.291,4.32,0.043,,ES,
57,30,4.455,4.499,4.499,4.48,0.044,,ES,
58,1,4.143,4.132,4.159,4.14,0.027,,ES,
58,2,4.253,4.252,4.227,4.24,0.026,,ES,
58,3,4.276,4.269,4.265,4.27,0.011,,ES,
58,4,4.45,4.436,4.428,4.44,0.022,,ES,
58,5,4.294,4.256,4.27,4.27,0.038,,ES,
58,6,4.226,4.207,4.208,4.21,0.019,,ES,
58,7,4.251,4.257,4.301,4.27,0.05,,ES,
58,8,4.192,4.166,4.16,4.17,0.032,,ES,
58,9,4.027,4.056,4.075,4.05,0.048,,ES,
58,10,4.316,4.298,4.303,4.31,0.018,,ES,
58,11,4.004,4.028,4.004,4.01,0.024,,ES,
58,12,4.357,4.371,4.343,4.36,0.028,,ES,
58,13,4.394,4.354,4.391,4.38,0.04,,ES,
58,14,4.362,4.357,4.372,4.36,0.015,,ES,
58,15,4.434,4.425,4.42,4.43,0.014,,ES,
59,1,4.268,4.243,4.282,4.26,0.039,,ES,
59,2,4.349,4.349,4.349,4.35,0,,ES,
59,3,4.292,4.272,4.22,4.26,0.072,,ES,
59,4,4.409,4.347,4.376,4.38,0.062,,ES,
59,5,4.06,4.069,4.07,4.07,0.01,,ES,
59,6,4.284,4.301,4.267,4.28,0.034,,ES,
59,7,4.464,4.44,4.431,4.45,0.033,,ES,
59,8,4.369,4.367,4.361,4.37,0.008,,ES,
59,9,4.391,4.383,4.359,4.38,0.032,,ES,
59,10,4.18,4.153,4.16,4.16,0.027,,ES,
59,11,4.318,4.325,4.31,4.32,0.015,,ES,
59,12,4.248,4.25,4.206,4.23,0.044,,ES,
59,13,4.157,4.173,4.169,4.17,0.016,,ES,
59,14,4.269,4.261,4.269,4.27,0.008,,ES,
59,15,4.324,4.325,4.3,4.32,0.025,,ES,
59,16,,,,#DIV/0!,0,,ES,no photo
59,17,,,,#DIV/0!,0,,ES,no photo
59,18,4.214,4.195,4.19,4.20,0.024,,ES,
59,19,4.429,4.398,4.399,4.41,0.031,,ES,
59,20,4.134,4.158,4.142,4.14,0.024,,ES,
59,21,4.46,4.475,4.457,4.46,0.018,,ES,
59,22,4.462,4.444,4.443,4.45,0.019,,ES,
59,23,4.308,4.309,4.311,4.31,0.003,,ES,
59,24,4.155,4.161,4.136,4.15,0.025,,ES,
59,25,4.299,4.279,4.279,4.29,0.02,,ES,
59,26,4.302,4.332,4.331,4.32,0.03,,ES,
59,27,4.247,4.213,4.222,4.23,0.034,,ES,
59,28,4.28,4.299,4.282,4.29,0.019,,ES,
59,29,4.179,4.18,4.199,4.19,0.02,,ES,
60,1,4.207,4.151,4.183,4.18,0.056,,ES,
60,2,4.251,4.224,4.214,4.23,0.037,,ES,
60,3,4.196,4.165,4.137,4.17,0.059,,ES,
60,4,4.274,4.259,4.273,4.27,0.015,,ES,
60,5,4.155,4.177,4.171,4.17,0.022,,ES,
60,6,4.187,4.19,4.199,4.19,0.012,,ES,
60,7,4.334,4.331,4.337,4.33,0.006,,ES,
60,8,4.245,4.231,4.218,4.23,0.027,,ES,
60,9,,,,#DIV/0!,0,1,ES,
60,10,4.205,4.219,4.221,4.22,0.016,,ES,
60,11,4.154,4.142,4.164,4.15,0.022,,ES,
60,12,4.162,4.13,4.155,4.15,0.032,,ES,
60,13,4.03,4.054,4.058,4.05,0.028,,ES,
60,14,3.915,3.951,3.934,3.93,0.036,,ES,
60,15,3.966,3.965,3.956,3.96,0.01,,ES,
60,16,4.177,4.157,4.157,4.16,0.02,,ES,
60,17,4.231,4.225,4.237,4.23,0.012,,ES,
60,18,4.043,4.035,4.052,4.04,0.017,,ES,
60,19,4.319,4.321,4.288,4.31,0.033,,ES,
60,20,4.407,4.375,4.416,4.40,0.041,,ES,
60,21,4.245,4.235,4.248,4.24,0.013,,ES,
60,22,4.367,4.335,4.328,4.34,0.039,,ES,
60,23,4.305,4.273,4.284,4.29,0.032,,ES,
60,24,4.385,4.378,4.409,4.39,0.031,,ES,
60,25,4.162,4.167,4.161,4.16,0.006,,ES,
60,26,4.326,4.284,4.347,4.32,0.063,,ES,
60,27,4.102,4.123,4.119,4.11,0.021,,ES,
60,28,4.335,4.257,4.295,4.30,0.078,,ES,
60,29,4.223,4.199,4.223,4.22,0.024,,ES,
60,30,4.043,4.064,4.02,4.04,0.044,,ES,
61,1,4.255,4.265,4.263,4.26,0.01,,ES,
61,2,4.232,4.192,4.206,4.21,0.04,,ES,
61,3,4.334,4.312,4.284,4.31,0.05,,ES,
61,4,4.248,4.262,4.3,4.27,0.052,,ES,
61,5,4.226,4.214,4.215,4.22,0.012,,ES,
61,6,4.286,4.264,4.289,4.28,0.025,,ES,
61,7,4.475,4.42,4.445,4.45,0.055,,ES,
61,8,4.276,4.262,4.262,4.27,0.014,,ES,
61,9,4.374,4.363,4.363,4.37,0.011,,ES,
61,10,4.262,4.294,4.259,4.27,0.035,,ES,
61,11,4.309,4.337,4.351,4.33,0.042,,ES,
61,12,4.451,4.437,4.43,4.44,0.021,,ES,
61,13,4.16,4.132,4.137,4.14,0.028,,ES,
61,14,4.26,4.258,4.215,4.24,0.045,,ES,
61,15,4.414,4.408,4.39,4.40,0.024,,ES,
62,1,4.107,4.043,4.104,4.08,0.064,,ES,
62,2,4.065,4.065,4.073,4.07,0.008,,ES,
62,3,4.421,4.429,4.399,4.42,0.03,,ES,
62,4,4.065,4.037,4.023,4.04,0.042,,ES,
62,5,4.219,4.223,4.218,4.22,0.005,,ES,
62,6,4.079,4.091,4.046,4.07,0.045,,ES,
62,7,4.209,4.206,4.186,4.20,0.023,,ES,
62,8,4.187,4.176,4.199,4.19,0.023,,ES,
62,9,4.146,4.164,4.149,4.15,0.018,,ES,
62,10,4.141,4.111,4.141,4.13,0.03,,ES,
62,11,4.189,4.193,4.139,4.17,0.054,,ES,
62,12,4.222,4.231,4.224,4.23,0.009,,ES,
62,13,4.157,4.15,4.168,4.16,0.018,,ES,
62,14,4.378,4.355,4.367,4.37,0.023,,ES,
62,15,4.252,4.227,4.267,4.25,0.04,,ES,
62,16,4.081,4.083,4.101,4.09,0.02,,ES,
62,17,4.308,4.288,4.304,4.30,0.02,,ES,
62,18,4.188,4.171,4.19,4.18,0.019,,ES,
62,19,4.234,4.269,4.262,4.26,0.035,,ES,
62,20,4.149,4.1,4.157,4.14,0.057,,ES,
62,21,4.159,4.19,4.159,4.17,0.031,,ES,
62,22,4.177,4.166,4.155,4.17,0.022,,ES,
62,23,4.355,4.314,4.348,4.34,0.041,,ES,
62,24,4.071,4.093,4.079,4.08,0.022,,ES,
62,25,4.183,4.203,4.178,4.19,0.025,,ES,
62,26,4.233,4.179,4.21,4.21,0.054,,ES,
62,27,,,,#DIV/0!,0,1,ES,
62,28,4.091,4.068,4.09,4.08,0.023,,ES,
62,29,4.266,4.252,4.283,4.27,0.031,,ES,
62,30,4.013,3.983,3.999,4.00,0.03,,ES,
63,1,4.298,4.294,4.303,4.30,0.009,,ES,
63,2,4.068,4.052,4.052,4.06,0.016,,ES,
63,3,4.198,4.179,4.182,4.19,0.019,,ES,
63,4,4.156,4.139,4.163,4.15,0.024,,ES,
63,5,4.055,4.09,4.095,4.08,0.04,,ES,
63,6,4.087,4.088,4.117,4.10,0.03,,ES,
63,7,4.169,4.223,4.223,4.21,0.054,,ES,
63,8,4.078,4.066,4.09,4.08,0.024,,ES,
63,9,4.212,4.177,4.161,4.18,0.051,,ES,
63,10,4.18,4.152,4.148,4.16,0.032,,ES,
63,11,4.149,4.207,4.195,4.18,0.058,,ES,
63,12,3.941,3.93,3.886,3.92,0.055,,ES,
63,13,4.086,4.067,4.065,4.07,0.021,,ES,
63,14,4.077,4.029,4.053,4.05,0.048,,ES,
63,15,4.302,4.322,4.311,4.31,0.02,,ES,
63,16,4.136,4.093,4.148,4.13,0.055,,ES,
63,17,4.377,4.363,4.365,4.37,0.014,,ES,
63,18,,,,#DIV/0!,0,1,ES,
63,19,4.132,4.127,4.092,4.12,0.04,,ES,
63,20,4.283,4.258,4.269,4.27,0.025,,ES,
63,21,4.246,4.224,4.235,4.24,0.022,,ES,
63,22,3.89,3.909,3.916,3.91,0.026,,ES,not dead
64,1,4.138,4.119,4.126,4.13,0.019,,ES,
64,2,3.7,3.71,3.727,3.71,0.027,,ES,not dead; missing an eye
64,3,4.052,4.069,4.069,4.06,0.017,,ES,one eye reduced
64,4,4.131,4.165,4.124,4.14,0.041,,ES,missing an eye
64,5,4.268,4.282,4.259,4.27,0.023,,ES,
64,6,4.292,4.286,4.294,4.29,0.008,,ES,
64,7,3.931,3.914,3.893,3.91,0.038,,ES,one eye reduced
64,8,4.015,4.044,4.029,4.03,0.029,,ES,
64,9,4.162,4.125,4.15,4.15,0.037,,ES,
64,10,4.056,4.068,4.062,4.06,0.012,,ES,
64,11,3.867,3.879,3.884,3.88,0.017,,ES,alive
64,12,4.113,4.138,4.119,4.12,0.025,,ES,
65,1,4.269,4.365,4.315,4.32,0.096,,ES,bent
65,2,4.115,4.087,4.11,4.10,0.028,,ES,bent
65,3,4.155,4.172,4.079,4.14,0.093,,ES,
65,4,4.248,4.217,4.23,4.23,0.031,,ES,
65,5,4.232,4.224,4.262,4.24,0.038,,ES,
65,6,4.138,4.126,4.144,4.14,0.018,,ES,
65,7,4.376,4.352,4.352,4.36,0.024,,ES,
65,8,4.388,4.367,4.372,4.38,0.021,,ES,
65,9,,,,#DIV/0!,0,1,ES,
65,10,4.377,4.37,4.375,4.37,0.007,,ES,
65,11,4.345,4.291,4.303,4.31,0.054,,ES,
65,12,4.13,4.103,4.127,4.12,0.027,,ES,
65,13,4.406,4.421,4.39,4.41,0.031,,ES,
65,14,4.18,4.154,4.198,4.18,0.044,,ES,
65,15,,,,#DIV/0!,0,1,ES,
65,16,4.335,4.332,4.328,4.33,0.007,,ES,
65,17,4.17,4.159,4.14,4.16,0.03,,ES,
65,18,,,,#DIV/0!,0,1,ES,
65,19,4.061,4.057,4.048,4.06,0.013,,ES,
65,20,4.116,4.137,4.119,4.12,0.021,,ES,
66,1,4.195,4.198,4.185,4.19,0.013,,ES,
66,2,4.18,4.154,4.188,4.17,0.034,,ES,
66,3,4.262,4.271,4.253,4.26,0.018,,ES,
66,4,4.326,4.329,4.331,4.33,0.005,,ES,
66,5,4.174,4.179,4.202,4.19,0.028,,ES,
66,6,4.308,4.292,4.305,4.30,0.016,,ES,
66,7,4.31,4.315,4.305,4.31,0.01,,ES,
66,8,4.223,4.242,4.218,4.23,0.024,,ES,
66,9,4.184,4.181,4.19,4.19,0.009,,ES,
66,10,4.454,4.458,4.439,4.45,0.019,,ES,
66,11,4.161,4.16,4.19,4.17,0.03,,ES,
67,1,4.143,4.147,4.137,4.14,0.01,,ES,
67,2,4.209,4.222,4.206,4.21,0.016,,ES,
67,3,,,,#DIV/0!,0,1,ES,
67,4,,,,#DIV/0!,0,1,ES,
67,5,4.328,4.346,4.322,4.33,0.024,,ES,
67,6,,,,#DIV/0!,0,1,ES,
67,7,4.278,4.269,4.277,4.27,0.009,,ES,
67,8,4.145,4.145,4.145,4.15,0,,ES,
67,9,4.151,4.135,4.131,4.14,0.02,,ES,
67,10,,,,#DIV/0!,0,1,ES,
67,11,,,,#DIV/0!,0,1,ES,
68,1,4.556,4.539,4.567,4.55,0.028,,ES,
68,2,4.335,4.347,4.375,4.35,0.04,,ES,
68,3,4.32,4.303,4.304,4.31,0.017,,ES,
68,4,4.303,4.303,4.334,4.31,0.031,,ES,
68,5,4.07,4.038,4.024,4.04,0.046,,ES,
68,6,4.472,4.47,4.44,4.46,0.032,,ES,
68,7,4.316,4.31,4.317,4.31,0.007,,ES,
68,8,4.208,4.174,4.191,4.19,0.034,,ES,
68,9,4.379,4.373,4.387,4.38,0.014,,ES,
68,10,4.089,4.099,4.086,4.09,0.013,,ES,
68,11,4.183,4.168,4.194,4.18,0.026,,ES,
68,12,4.098,4.036,4.021,4.05,0.077,,ES,
68,13,4.421,4.432,4.43,4.43,0.011,,ES,
68,14,4.343,4.343,4.338,4.34,0.005,,ES,
68,15,4.32,4.326,4.293,4.31,0.033,,ES,
68,16,4.417,4.401,4.419,4.41,0.018,,ES,
68,17,4.419,4.419,4.418,4.42,0.001,,ES,
68,18,4.42,4.423,4.424,4.42,0.004,,ES,
68,19,4.242,4.286,4.278,4.27,0.044,,ES,
68,20,4.434,4.473,4.432,4.45,0.041,,ES,
68,21,4.273,4.217,4.249,4.25,0.056,,ES,
68,22,4.305,4.283,4.305,4.30,0.022,,ES,
68,23,4.261,4.283,4.247,4.26,0.036,,ES,
68,24,4.286,4.285,4.279,4.28,0.007,,ES,
68,25,4.369,4.396,4.37,4.38,0.027,,ES,
68,26,4.331,4.344,4.344,4.34,0.013,,ES,
68,27,4.195,4.264,4.221,4.23,0.069,,ES,
68,28,4.323,4.308,4.32,4.32,0.015,,ES,
68,29,4.368,4.346,4.368,4.36,0.022,,ES,
68,30,4.224,4.199,4.178,4.20,0.046,,ES,
69,1,,,,#DIV/0!,0,1,ES,
69,2,4.272,4.301,4.266,4.28,0.035,,ES,
69,3,4.27,4.266,4.281,4.27,0.015,,ES,
69,4,4.247,4.247,4.24,4.24,0.007,,ES,
69,5,4.254,4.24,4.254,4.25,0.014,,ES,
69,6,4.361,4.348,4.361,4.36,0.013,,ES,
69,7,,,,#DIV/0!,0,1,ES,
69,8,4.319,4.305,4.299,4.31,0.02,,ES,
69,9,4.318,4.32,4.31,4.32,0.01,,ES,
69,10,4.309,4.301,4.323,4.31,0.022,,ES,
69,11,4.366,4.355,4.34,4.35,0.026,,ES,
69,12,4.388,4.382,4.388,4.39,0.006,,ES,
69,13,4.19,4.197,4.203,4.20,0.013,,ES,
69,14,4.396,4.374,4.365,4.38,0.031,,ES,
69,15,4.123,4.128,4.122,4.12,0.006,,ES,
69,16,4.244,4.231,4.231,4.24,0.013,,ES,
69,17,4.218,4.207,4.219,4.21,0.012,,ES,
69,18,4.168,4.167,4.174,4.17,0.007,,ES,
69,19,4.231,4.238,4.238,4.24,0.007,,ES,